domain_id,resid,resname,predicted_rmsf,actual_rmsf
12asA00_pdb_clean_fixed,10,ARG,0.200142,0.157972
12asA00_pdb_clean_fixed,100,ARG,0.191794,0.241475
12asA00_pdb_clean_fixed,101,PRO,0.206592,0.333940
12asA00_pdb_clean_fixed,102,ASP,0.235887,0.377034
12asA00_pdb_clean_fixed,103,GLU,0.280264,0.377063
12asA00_pdb_clean_fixed,104,ASP,0.305790,0.444694
12asA00_pdb_clean_fixed,105,ARG,0.369548,0.473362
12asA00_pdb_clean_fixed,106,LEU,0.212976,0.435091
12asA00_pdb_clean_fixed,107,SER,0.273668,0.394096
12asA00_pdb_clean_fixed,108,PRO,0.250869,0.452629
12asA00_pdb_clean_fixed,109,LEU,0.170936,0.449840
12asA00_pdb_clean_fixed,11,GLN,0.118704,0.143535
12asA00_pdb_clean_fixed,110,HIS,0.224744,0.341206
12asA00_pdb_clean_fixed,111,SER,0.113948,0.248515
12asA00_pdb_clean_fixed,112,VAL,0.139646,0.223095
12asA00_pdb_clean_fixed,113,TYR,0.125304,0.192833
12asA00_pdb_clean_fixed,114,VAL,0.136238,0.161045
12asA00_pdb_clean_fixed,115,ASP,0.103567,0.132121
12asA00_pdb_clean_fixed,116,GLN,0.109596,0.115344
12asA00_pdb_clean_fixed,117,TRP,0.103354,0.104413
12asA00_pdb_clean_fixed,118,ASP,0.102390,0.101141
12asA00_pdb_clean_fixed,119,TRP,0.102325,0.094412
12asA00_pdb_clean_fixed,12,ILE,0.136089,0.142558
12asA00_pdb_clean_fixed,120,GLU,0.102310,0.093918
12asA00_pdb_clean_fixed,121,ARG,0.105534,0.094191
12asA00_pdb_clean_fixed,122,VAL,0.115826,0.101384
12asA00_pdb_clean_fixed,123,MET,0.151112,0.105956
12asA00_pdb_clean_fixed,124,GLY,0.191341,0.139443
12asA00_pdb_clean_fixed,125,ASP,0.311327,0.186109
12asA00_pdb_clean_fixed,126,GLY,0.290361,0.169259
12asA00_pdb_clean_fixed,127,GLU,0.260567,0.130835
12asA00_pdb_clean_fixed,128,ARG,0.347151,0.117254
12asA00_pdb_clean_fixed,129,GLN,0.166807,0.107771
12asA00_pdb_clean_fixed,13,SER,0.196183,0.138859
12asA00_pdb_clean_fixed,130,PHE,0.132736,0.098543
12asA00_pdb_clean_fixed,131,SER,0.180532,0.099962
12asA00_pdb_clean_fixed,132,THR,0.180463,0.090337
12asA00_pdb_clean_fixed,133,LEU,0.173295,0.077160
12asA00_pdb_clean_fixed,134,LYS,0.146533,0.077613
12asA00_pdb_clean_fixed,135,SER,0.293452,0.082116
12asA00_pdb_clean_fixed,136,THR,0.142834,0.071813
12asA00_pdb_clean_fixed,137,VAL,0.129522,0.067390
12asA00_pdb_clean_fixed,138,GLU,0.154016,0.074965
12asA00_pdb_clean_fixed,139,ALA,0.197444,0.079421
12asA00_pdb_clean_fixed,14,PHE,0.184387,0.127252
12asA00_pdb_clean_fixed,140,ILE,0.130537,0.073235
12asA00_pdb_clean_fixed,141,TRP,0.169003,0.071599
12asA00_pdb_clean_fixed,142,ALA,0.243894,0.082695
12asA00_pdb_clean_fixed,143,GLY,0.201224,0.084180
12asA00_pdb_clean_fixed,144,ILE,0.111470,0.080381
12asA00_pdb_clean_fixed,145,LYS,0.165726,0.087044
12asA00_pdb_clean_fixed,146,ALA,0.167072,0.094070
12asA00_pdb_clean_fixed,147,THR,0.121494,0.095121
12asA00_pdb_clean_fixed,148,GLU,0.137277,0.100494
12asA00_pdb_clean_fixed,149,ALA,0.190371,0.112580
12asA00_pdb_clean_fixed,15,VAL,0.136083,0.114867
12asA00_pdb_clean_fixed,150,ALA,0.185609,0.118718
12asA00_pdb_clean_fixed,151,VAL,0.125042,0.125962
12asA00_pdb_clean_fixed,152,SER,0.177665,0.139976
12asA00_pdb_clean_fixed,153,GLU,0.298155,0.155722
12asA00_pdb_clean_fixed,154,GLU,0.388693,0.156804
12asA00_pdb_clean_fixed,155,PHE,0.202834,0.158786
12asA00_pdb_clean_fixed,156,GLY,0.183810,0.165472
12asA00_pdb_clean_fixed,157,LEU,0.195762,0.155212
12asA00_pdb_clean_fixed,158,ALA,0.183499,0.160168
12asA00_pdb_clean_fixed,159,PRO,0.332530,0.137206
12asA00_pdb_clean_fixed,16,LYS,0.167773,0.119759
12asA00_pdb_clean_fixed,160,PHE,0.255065,0.135576
12asA00_pdb_clean_fixed,161,LEU,0.252021,0.117923
12asA00_pdb_clean_fixed,162,PRO,0.310792,0.122638
12asA00_pdb_clean_fixed,163,ASP,0.316105,0.126872
12asA00_pdb_clean_fixed,164,GLN,0.224999,0.122695
12asA00_pdb_clean_fixed,165,ILE,0.155703,0.087817
12asA00_pdb_clean_fixed,166,HIS,0.154372,0.089595
12asA00_pdb_clean_fixed,167,PHE,0.144731,0.083568
12asA00_pdb_clean_fixed,168,VAL,0.120368,0.091938
12asA00_pdb_clean_fixed,169,HIS,0.107802,0.102649
12asA00_pdb_clean_fixed,17,SER,0.298252,0.122481
12asA00_pdb_clean_fixed,170,SER,0.117354,0.121697
12asA00_pdb_clean_fixed,171,GLN,0.148393,0.158319
12asA00_pdb_clean_fixed,172,GLU,0.192217,0.157821
12asA00_pdb_clean_fixed,173,LEU,0.182693,0.148720
12asA00_pdb_clean_fixed,174,LEU,0.197580,0.181919
12asA00_pdb_clean_fixed,175,SER,0.234846,0.204799
12asA00_pdb_clean_fixed,176,ARG,0.210826,0.189180
12asA00_pdb_clean_fixed,177,TYR,0.220158,0.192471
12asA00_pdb_clean_fixed,178,PRO,0.331164,0.231465
12asA00_pdb_clean_fixed,179,ASP,0.401228,0.252078
12asA00_pdb_clean_fixed,18,HIS,0.158099,0.107712
12asA00_pdb_clean_fixed,180,LEU,0.278383,0.211688
12asA00_pdb_clean_fixed,181,ASP,0.280186,0.215014
12asA00_pdb_clean_fixed,182,ALA,0.234327,0.200263
12asA00_pdb_clean_fixed,183,LYS,0.216099,0.193020
12asA00_pdb_clean_fixed,184,GLY,0.187350,0.179715
12asA00_pdb_clean_fixed,185,ARG,0.137108,0.157726
12asA00_pdb_clean_fixed,186,GLU,0.130578,0.144619
12asA00_pdb_clean_fixed,187,ARG,0.164416,0.149185
12asA00_pdb_clean_fixed,188,ALA,0.175540,0.146484
12asA00_pdb_clean_fixed,189,ILE,0.144067,0.125397
12asA00_pdb_clean_fixed,19,PHE,0.126319,0.096742
12asA00_pdb_clean_fixed,190,ALA,0.154241,0.114635
12asA00_pdb_clean_fixed,191,LYS,0.218136,0.137258
12asA00_pdb_clean_fixed,192,ASP,0.335001,0.144662
12asA00_pdb_clean_fixed,193,LEU,0.223261,0.120504
12asA00_pdb_clean_fixed,194,GLY,0.154622,0.114787
12asA00_pdb_clean_fixed,195,ALA,0.122995,0.091915
12asA00_pdb_clean_fixed,196,VAL,0.102387,0.078972
12asA00_pdb_clean_fixed,197,PHE,0.104094,0.068492
12asA00_pdb_clean_fixed,198,LEU,0.102231,0.075338
12asA00_pdb_clean_fixed,199,VAL,0.103363,0.083045
12asA00_pdb_clean_fixed,20,SER,0.160713,0.109713
12asA00_pdb_clean_fixed,200,GLY,0.146659,0.112805
12asA00_pdb_clean_fixed,201,ILE,0.152784,0.140180
12asA00_pdb_clean_fixed,202,GLY,0.148212,0.210787
12asA00_pdb_clean_fixed,203,GLY,0.152852,0.250687
12asA00_pdb_clean_fixed,204,LYS,0.199334,0.328297
12asA00_pdb_clean_fixed,205,LEU,0.129604,0.419341
12asA00_pdb_clean_fixed,206,SER,0.234802,0.530253
12asA00_pdb_clean_fixed,207,ASP,0.521430,0.564354
12asA00_pdb_clean_fixed,208,GLY,0.310915,0.610438
12asA00_pdb_clean_fixed,209,HIS,0.250504,0.513671
12asA00_pdb_clean_fixed,21,ARG,0.256306,0.112546
12asA00_pdb_clean_fixed,210,ARG,0.193001,0.419929
12asA00_pdb_clean_fixed,211,HSP,0.246099,0.381705
12asA00_pdb_clean_fixed,212,ASP,0.257286,0.288099
12asA00_pdb_clean_fixed,213,VAL,0.256094,0.238338
12asA00_pdb_clean_fixed,214,ARG,0.184171,0.174022
12asA00_pdb_clean_fixed,215,ALA,0.139311,0.154349
12asA00_pdb_clean_fixed,216,PRO,0.210755,0.147634
12asA00_pdb_clean_fixed,217,ASP,0.166245,0.144135
12asA00_pdb_clean_fixed,218,TYR,0.160893,0.130731
12asA00_pdb_clean_fixed,219,ASP,0.149098,0.127463
12asA00_pdb_clean_fixed,22,GLN,0.155705,0.103496
12asA00_pdb_clean_fixed,220,ASP,0.102395,0.117920
12asA00_pdb_clean_fixed,221,TRP,0.109004,0.151955
12asA00_pdb_clean_fixed,222,SER,0.181919,0.181988
12asA00_pdb_clean_fixed,223,THR,0.165176,0.172367
12asA00_pdb_clean_fixed,224,PRO,0.157405,0.196217
12asA00_pdb_clean_fixed,225,SER,0.146604,0.182422
12asA00_pdb_clean_fixed,226,GLU,0.236044,0.254925
12asA00_pdb_clean_fixed,227,LEU,0.233174,0.285449
12asA00_pdb_clean_fixed,228,GLY,0.241241,0.285365
12asA00_pdb_clean_fixed,229,HIS,0.161898,0.188861
12asA00_pdb_clean_fixed,23,LEU,0.107585,0.104433
12asA00_pdb_clean_fixed,230,ALA,0.135556,0.142130
12asA00_pdb_clean_fixed,231,GLY,0.111881,0.116405
12asA00_pdb_clean_fixed,232,LEU,0.109193,0.087594
12asA00_pdb_clean_fixed,233,ASN,0.109173,0.086015
12asA00_pdb_clean_fixed,234,GLY,0.154070,0.077271
12asA00_pdb_clean_fixed,235,ASP,0.103505,0.075635
12asA00_pdb_clean_fixed,236,ILE,0.107520,0.071487
12asA00_pdb_clean_fixed,237,LEU,0.102244,0.083665
12asA00_pdb_clean_fixed,238,VAL,0.102241,0.092058
12asA00_pdb_clean_fixed,239,TRP,0.119082,0.111282
12asA00_pdb_clean_fixed,24,GLU,0.241422,0.124919
12asA00_pdb_clean_fixed,240,ASN,0.136410,0.138035
12asA00_pdb_clean_fixed,241,PRO,0.240369,0.169577
12asA00_pdb_clean_fixed,242,VAL,0.222588,0.190705
12asA00_pdb_clean_fixed,243,LEU,0.229462,0.191777
12asA00_pdb_clean_fixed,244,GLU,0.217536,0.169234
12asA00_pdb_clean_fixed,245,ASP,0.166369,0.158527
12asA00_pdb_clean_fixed,246,ALA,0.119054,0.132110
12asA00_pdb_clean_fixed,247,PHE,0.132468,0.124079
12asA00_pdb_clean_fixed,248,GLU,0.133553,0.102871
12asA00_pdb_clean_fixed,249,LEU,0.102767,0.095386
12asA00_pdb_clean_fixed,25,GLU,0.213744,0.143649
12asA00_pdb_clean_fixed,250,SER,0.107801,0.088146
12asA00_pdb_clean_fixed,251,SER,0.107635,0.088816
12asA00_pdb_clean_fixed,252,MET,0.115549,0.081407
12asA00_pdb_clean_fixed,253,GLY,0.135381,0.082484
12asA00_pdb_clean_fixed,254,ILE,0.120574,0.083074
12asA00_pdb_clean_fixed,255,ARG,0.145014,0.092910
12asA00_pdb_clean_fixed,256,VAL,0.121488,0.107630
12asA00_pdb_clean_fixed,257,ASP,0.197577,0.122906
12asA00_pdb_clean_fixed,258,ALA,0.181392,0.144062
12asA00_pdb_clean_fixed,259,ASP,0.414972,0.164353
12asA00_pdb_clean_fixed,26,ARG,0.194795,0.136733
12asA00_pdb_clean_fixed,260,THR,0.178032,0.144593
12asA00_pdb_clean_fixed,261,LEU,0.149988,0.140807
12asA00_pdb_clean_fixed,262,LYS,0.237758,0.166820
12asA00_pdb_clean_fixed,263,HIS,0.188096,0.175761
12asA00_pdb_clean_fixed,264,GLN,0.237439,0.166894
12asA00_pdb_clean_fixed,265,LEU,0.191608,0.177897
12asA00_pdb_clean_fixed,266,ALA,0.180758,0.207771
12asA00_pdb_clean_fixed,267,LEU,0.191810,0.221791
12asA00_pdb_clean_fixed,268,THR,0.217267,0.230007
12asA00_pdb_clean_fixed,269,GLY,0.227476,0.237040
12asA00_pdb_clean_fixed,27,LEU,0.158484,0.117602
12asA00_pdb_clean_fixed,270,ASP,0.239179,0.218661
12asA00_pdb_clean_fixed,271,GLU,0.256364,0.214796
12asA00_pdb_clean_fixed,272,ASP,0.448580,0.222885
12asA00_pdb_clean_fixed,273,ARG,0.221309,0.191975
12asA00_pdb_clean_fixed,274,LEU,0.389902,0.184989
12asA00_pdb_clean_fixed,275,GLU,0.212335,0.205400
12asA00_pdb_clean_fixed,276,LEU,0.203904,0.187064
12asA00_pdb_clean_fixed,277,GLU,0.154726,0.180925
12asA00_pdb_clean_fixed,278,TRP,0.150204,0.155718
12asA00_pdb_clean_fixed,279,HIS,0.163423,0.148586
12asA00_pdb_clean_fixed,28,GLY,0.171567,0.122103
12asA00_pdb_clean_fixed,280,GLN,0.237873,0.162302
12asA00_pdb_clean_fixed,281,ALA,0.190730,0.155477
12asA00_pdb_clean_fixed,282,LEU,0.143470,0.140617
12asA00_pdb_clean_fixed,283,LEU,0.188743,0.159524
12asA00_pdb_clean_fixed,284,ARG,0.201911,0.170932
12asA00_pdb_clean_fixed,285,GLY,0.288240,0.162731
12asA00_pdb_clean_fixed,286,GLU,0.166784,0.161468
12asA00_pdb_clean_fixed,287,MET,0.262140,0.138313
12asA00_pdb_clean_fixed,288,PRO,0.163330,0.120572
12asA00_pdb_clean_fixed,289,GLN,0.140060,0.108249
12asA00_pdb_clean_fixed,29,LEU,0.134165,0.110221
12asA00_pdb_clean_fixed,290,THR,0.102747,0.094302
12asA00_pdb_clean_fixed,291,ILE,0.103453,0.083201
12asA00_pdb_clean_fixed,292,GLY,0.150195,0.090995
12asA00_pdb_clean_fixed,293,GLY,0.190214,0.092532
12asA00_pdb_clean_fixed,294,GLY,0.102772,0.093544
12asA00_pdb_clean_fixed,295,ILE,0.110709,0.088087
12asA00_pdb_clean_fixed,296,GLY,0.147880,0.104536
12asA00_pdb_clean_fixed,297,GLN,0.146378,0.109195
12asA00_pdb_clean_fixed,298,SER,0.170635,0.124420
12asA00_pdb_clean_fixed,299,ARG,0.180923,0.112024
12asA00_pdb_clean_fixed,30,ILE,0.156900,0.122632
12asA00_pdb_clean_fixed,300,LEU,0.179809,0.096208
12asA00_pdb_clean_fixed,301,THR,0.158201,0.113070
12asA00_pdb_clean_fixed,302,MET,0.152524,0.126082
12asA00_pdb_clean_fixed,303,LEU,0.213711,0.112743
12asA00_pdb_clean_fixed,304,LEU,0.169129,0.111299
12asA00_pdb_clean_fixed,305,LEU,0.142495,0.128271
12asA00_pdb_clean_fixed,306,GLN,0.178928,0.140391
12asA00_pdb_clean_fixed,307,LEU,0.254098,0.156726
12asA00_pdb_clean_fixed,308,PRO,0.171747,0.189101
12asA00_pdb_clean_fixed,309,HIS,0.166686,0.202553
12asA00_pdb_clean_fixed,31,GLU,0.143664,0.123615
12asA00_pdb_clean_fixed,310,ILE,0.142358,0.199576
12asA00_pdb_clean_fixed,311,GLY,0.153232,0.243489
12asA00_pdb_clean_fixed,312,GLN,0.202480,0.229700
12asA00_pdb_clean_fixed,313,VAL,0.147167,0.207797
12asA00_pdb_clean_fixed,314,GLN,0.143680,0.262422
12asA00_pdb_clean_fixed,315,ALA,0.224881,0.334839
12asA00_pdb_clean_fixed,316,GLY,0.208105,0.411455
12asA00_pdb_clean_fixed,317,VAL,0.237399,0.456996
12asA00_pdb_clean_fixed,318,TRP,0.315543,0.462342
12asA00_pdb_clean_fixed,319,PRO,0.286166,0.610429
12asA00_pdb_clean_fixed,32,VAL,0.195933,0.134276
12asA00_pdb_clean_fixed,320,ALA,0.308617,0.695478
12asA00_pdb_clean_fixed,321,ALA,0.267732,0.784393
12asA00_pdb_clean_fixed,322,VAL,0.261338,0.788172
12asA00_pdb_clean_fixed,323,ARG,0.182726,0.822492
12asA00_pdb_clean_fixed,324,GLU,0.262580,0.899356
12asA00_pdb_clean_fixed,325,SER,0.392760,0.967777
12asA00_pdb_clean_fixed,326,VAL,0.223434,0.938570
12asA00_pdb_clean_fixed,327,PRO,0.413697,1.019946
12asA00_pdb_clean_fixed,328,SER,0.273230,1.059785
12asA00_pdb_clean_fixed,329,LEU,0.380662,1.079805
12asA00_pdb_clean_fixed,33,GLN,0.258175,0.156461
12asA00_pdb_clean_fixed,330,LEU,0.573576,1.168252
12asA00_pdb_clean_fixed,34,ALA,0.194625,0.185224
12asA00_pdb_clean_fixed,35,PRO,0.432767,0.168678
12asA00_pdb_clean_fixed,36,ILE,0.211092,0.238508
12asA00_pdb_clean_fixed,37,LEU,0.168827,0.230508
12asA00_pdb_clean_fixed,38,SER,0.119166,0.245193
12asA00_pdb_clean_fixed,39,ARG,0.130578,0.336703
12asA00_pdb_clean_fixed,4,ALA,0.468301,0.677356
12asA00_pdb_clean_fixed,40,VAL,0.170468,0.421771
12asA00_pdb_clean_fixed,41,GLY,0.198553,0.518143
12asA00_pdb_clean_fixed,42,ASP,0.343943,0.621216
12asA00_pdb_clean_fixed,43,GLY,0.188047,0.744158
12asA00_pdb_clean_fixed,44,THR,0.135897,0.780477
12asA00_pdb_clean_fixed,45,GLN,0.185509,0.775167
12asA00_pdb_clean_fixed,46,ASP,0.158684,0.797154
12asA00_pdb_clean_fixed,47,ASN,0.205111,0.771833
12asA00_pdb_clean_fixed,48,LEU,0.334782,0.850830
12asA00_pdb_clean_fixed,49,SER,0.396056,0.906469
12asA00_pdb_clean_fixed,5,TYR,0.276728,0.514195
12asA00_pdb_clean_fixed,50,GLY,0.210018,0.924279
12asA00_pdb_clean_fixed,51,ALA,0.373963,0.905648
12asA00_pdb_clean_fixed,52,GLU,0.275814,0.840653
12asA00_pdb_clean_fixed,53,LYS,0.240192,0.751138
12asA00_pdb_clean_fixed,54,ALA,0.235535,0.714615
12asA00_pdb_clean_fixed,55,VAL,0.174933,0.645947
12asA00_pdb_clean_fixed,56,GLN,0.173245,0.647645
12asA00_pdb_clean_fixed,57,VAL,0.189206,0.641786
12asA00_pdb_clean_fixed,58,LYS,0.177219,0.732687
12asA00_pdb_clean_fixed,59,VAL,0.220867,0.737438
12asA00_pdb_clean_fixed,6,ILE,0.239569,0.447071
12asA00_pdb_clean_fixed,60,LYS,0.394897,0.805952
12asA00_pdb_clean_fixed,61,ALA,0.255675,0.810545
12asA00_pdb_clean_fixed,62,LEU,0.274088,0.734578
12asA00_pdb_clean_fixed,63,PRO,0.359557,0.782841
12asA00_pdb_clean_fixed,64,ASP,0.256510,0.735042
12asA00_pdb_clean_fixed,65,ALA,0.337924,0.582265
12asA00_pdb_clean_fixed,66,GLN,0.122602,0.505400
12asA00_pdb_clean_fixed,67,PHE,0.107620,0.403294
12asA00_pdb_clean_fixed,68,GLU,0.105832,0.323515
12asA00_pdb_clean_fixed,69,VAL,0.133039,0.260002
12asA00_pdb_clean_fixed,7,ALA,0.395579,0.362695
12asA00_pdb_clean_fixed,70,VAL,0.121797,0.228848
12asA00_pdb_clean_fixed,71,HIS,0.147367,0.261590
12asA00_pdb_clean_fixed,72,SER,0.167859,0.222639
12asA00_pdb_clean_fixed,73,LEU,0.175834,0.163453
12asA00_pdb_clean_fixed,74,ALA,0.205891,0.170146
12asA00_pdb_clean_fixed,75,LYS,0.186639,0.146320
12asA00_pdb_clean_fixed,76,TRP,0.161163,0.135215
12asA00_pdb_clean_fixed,77,LYS,0.127869,0.124206
12asA00_pdb_clean_fixed,78,ARG,0.146235,0.116250
12asA00_pdb_clean_fixed,79,GLN,0.153361,0.134163
12asA00_pdb_clean_fixed,8,LYS,0.188079,0.253752
12asA00_pdb_clean_fixed,80,THR,0.174014,0.132209
12asA00_pdb_clean_fixed,81,LEU,0.148092,0.123636
12asA00_pdb_clean_fixed,82,GLY,0.146129,0.142241
12asA00_pdb_clean_fixed,83,GLN,0.199480,0.159780
12asA00_pdb_clean_fixed,84,HIS,0.252627,0.167174
12asA00_pdb_clean_fixed,85,ASP,0.236597,0.186035
12asA00_pdb_clean_fixed,86,PHE,0.198770,0.147906
12asA00_pdb_clean_fixed,87,SER,0.186534,0.156886
12asA00_pdb_clean_fixed,88,ALA,0.262617,0.138786
12asA00_pdb_clean_fixed,89,GLY,0.159900,0.123922
12asA00_pdb_clean_fixed,9,GLN,0.195388,0.188898
12asA00_pdb_clean_fixed,90,GLU,0.168121,0.120378
12asA00_pdb_clean_fixed,91,GLY,0.103115,0.105695
12asA00_pdb_clean_fixed,92,LEU,0.114511,0.108021
12asA00_pdb_clean_fixed,93,TYR,0.103125,0.107526
12asA00_pdb_clean_fixed,94,THR,0.133633,0.123904
12asA00_pdb_clean_fixed,95,HIS,0.145495,0.135410
12asA00_pdb_clean_fixed,96,MET,0.113298,0.153876
12asA00_pdb_clean_fixed,97,LYS,0.112371,0.167068
12asA00_pdb_clean_fixed,98,ALA,0.102630,0.189792
12asA00_pdb_clean_fixed,99,LEU,0.132218,0.219743
153lA00_pdb_clean_fixed,1,ARG,0.518563,0.364211
153lA00_pdb_clean_fixed,10,ARG,0.235770,0.088573
153lA00_pdb_clean_fixed,100,SER,0.286594,0.166091
153lA00_pdb_clean_fixed,101,HIS,0.317210,0.145370
153lA00_pdb_clean_fixed,102,LYS,0.238889,0.163194
153lA00_pdb_clean_fixed,103,PRO,0.151766,0.175998
153lA00_pdb_clean_fixed,104,GLN,0.241249,0.215558
153lA00_pdb_clean_fixed,105,GLY,0.320246,0.242999
153lA00_pdb_clean_fixed,106,THR,0.289510,0.177464
153lA00_pdb_clean_fixed,107,TRP,0.133592,0.144166
153lA00_pdb_clean_fixed,108,ASN,0.174415,0.152065
153lA00_pdb_clean_fixed,109,GLY,0.198468,0.114136
153lA00_pdb_clean_fixed,11,ILE,0.178068,0.070314
153lA00_pdb_clean_fixed,110,GLU,0.150280,0.081185
153lA00_pdb_clean_fixed,111,VAL,0.194969,0.078600
153lA00_pdb_clean_fixed,112,HIS,0.164736,0.076982
153lA00_pdb_clean_fixed,113,ILE,0.127201,0.061178
153lA00_pdb_clean_fixed,114,THR,0.137601,0.056858
153lA00_pdb_clean_fixed,115,GLN,0.154323,0.064111
153lA00_pdb_clean_fixed,116,GLY,0.154640,0.059966
153lA00_pdb_clean_fixed,117,THR,0.107422,0.050669
153lA00_pdb_clean_fixed,118,THR,0.162633,0.053914
153lA00_pdb_clean_fixed,119,ILE,0.144381,0.058043
153lA00_pdb_clean_fixed,12,ASP,0.222746,0.075604
153lA00_pdb_clean_fixed,120,LEU,0.149755,0.053591
153lA00_pdb_clean_fixed,121,ILE,0.150424,0.053417
153lA00_pdb_clean_fixed,122,ASN,0.242626,0.057550
153lA00_pdb_clean_fixed,123,PHE,0.144996,0.055798
153lA00_pdb_clean_fixed,124,ILE,0.113656,0.054891
153lA00_pdb_clean_fixed,125,LYS,0.160413,0.064460
153lA00_pdb_clean_fixed,126,THR,0.141740,0.065641
153lA00_pdb_clean_fixed,127,ILE,0.112775,0.056359
153lA00_pdb_clean_fixed,128,GLN,0.160304,0.069108
153lA00_pdb_clean_fixed,129,LYS,0.194260,0.087060
153lA00_pdb_clean_fixed,13,THR,0.195850,0.054212
153lA00_pdb_clean_fixed,130,LYS,0.224574,0.080912
153lA00_pdb_clean_fixed,131,PHE,0.216178,0.075190
153lA00_pdb_clean_fixed,132,PRO,0.228232,0.101655
153lA00_pdb_clean_fixed,133,SER,0.337099,0.101185
153lA00_pdb_clean_fixed,134,TRP,0.237694,0.077932
153lA00_pdb_clean_fixed,135,THR,0.232986,0.075843
153lA00_pdb_clean_fixed,136,LYS,0.203993,0.069463
153lA00_pdb_clean_fixed,137,ASP,0.158077,0.065531
153lA00_pdb_clean_fixed,138,GLN,0.152787,0.057498
153lA00_pdb_clean_fixed,139,GLN,0.105715,0.050151
153lA00_pdb_clean_fixed,14,THR,0.164666,0.058775
153lA00_pdb_clean_fixed,140,LEU,0.113695,0.046294
153lA00_pdb_clean_fixed,141,LYS,0.114193,0.044098
153lA00_pdb_clean_fixed,142,GLY,0.112989,0.048713
153lA00_pdb_clean_fixed,143,GLY,0.117206,0.049620
153lA00_pdb_clean_fixed,144,ILE,0.123137,0.048599
153lA00_pdb_clean_fixed,145,SER,0.130174,0.051745
153lA00_pdb_clean_fixed,146,ALA,0.135936,0.055812
153lA00_pdb_clean_fixed,147,TYR,0.188950,0.062056
153lA00_pdb_clean_fixed,148,ASN,0.174203,0.078603
153lA00_pdb_clean_fixed,149,ALA,0.181081,0.092472
153lA00_pdb_clean_fixed,15,GLY,0.172770,0.047042
153lA00_pdb_clean_fixed,150,GLY,0.232957,0.082069
153lA00_pdb_clean_fixed,151,ALA,0.207683,0.083198
153lA00_pdb_clean_fixed,152,GLY,0.235899,0.103708
153lA00_pdb_clean_fixed,153,ASN,0.187941,0.103584
153lA00_pdb_clean_fixed,154,VAL,0.211983,0.082168
153lA00_pdb_clean_fixed,155,ARG,0.219326,0.102450
153lA00_pdb_clean_fixed,156,SER,0.297444,0.122876
153lA00_pdb_clean_fixed,157,TYR,0.336595,0.130629
153lA00_pdb_clean_fixed,158,ALA,0.229728,0.163536
153lA00_pdb_clean_fixed,159,ARG,0.252585,0.178167
153lA00_pdb_clean_fixed,16,ALA,0.123204,0.046876
153lA00_pdb_clean_fixed,160,MET,0.152237,0.185224
153lA00_pdb_clean_fixed,161,ASP,0.165156,0.254026
153lA00_pdb_clean_fixed,162,ILE,0.183744,0.251799
153lA00_pdb_clean_fixed,163,GLY,0.182439,0.275840
153lA00_pdb_clean_fixed,164,THR,0.143138,0.248959
153lA00_pdb_clean_fixed,165,THR,0.190998,0.241375
153lA00_pdb_clean_fixed,166,HIS,0.243026,0.173885
153lA00_pdb_clean_fixed,167,ASP,0.175265,0.087347
153lA00_pdb_clean_fixed,168,ASP,0.160866,0.048409
153lA00_pdb_clean_fixed,169,TYR,0.157785,0.046636
153lA00_pdb_clean_fixed,17,SER,0.126593,0.055040
153lA00_pdb_clean_fixed,170,ALA,0.163068,0.054687
153lA00_pdb_clean_fixed,171,ASN,0.108954,0.041547
153lA00_pdb_clean_fixed,172,ASP,0.114986,0.038111
153lA00_pdb_clean_fixed,173,VAL,0.116992,0.038669
153lA00_pdb_clean_fixed,174,VAL,0.110119,0.042082
153lA00_pdb_clean_fixed,175,ALA,0.113121,0.039420
153lA00_pdb_clean_fixed,176,ARG,0.140494,0.037494
153lA00_pdb_clean_fixed,177,ALA,0.106967,0.041417
153lA00_pdb_clean_fixed,178,GLN,0.131755,0.048025
153lA00_pdb_clean_fixed,179,TYR,0.173209,0.048516
153lA00_pdb_clean_fixed,18,CYS,0.194114,0.064341
153lA00_pdb_clean_fixed,180,TYR,0.141294,0.045361
153lA00_pdb_clean_fixed,181,LYS,0.174192,0.052892
153lA00_pdb_clean_fixed,182,GLN,0.236606,0.074637
153lA00_pdb_clean_fixed,183,HIS,0.227543,0.088111
153lA00_pdb_clean_fixed,184,GLY,0.382208,0.140352
153lA00_pdb_clean_fixed,185,TYR,0.232149,0.145979
153lA00_pdb_clean_fixed,19,LYS,0.199383,0.078581
153lA00_pdb_clean_fixed,2,THR,0.291066,0.319025
153lA00_pdb_clean_fixed,20,THR,0.127605,0.064731
153lA00_pdb_clean_fixed,21,ALA,0.161345,0.066598
153lA00_pdb_clean_fixed,22,LYS,0.225102,0.096363
153lA00_pdb_clean_fixed,23,PRO,0.251483,0.111229
153lA00_pdb_clean_fixed,24,GLU,0.191236,0.101429
153lA00_pdb_clean_fixed,25,GLY,0.189822,0.106370
153lA00_pdb_clean_fixed,26,LEU,0.198112,0.083758
153lA00_pdb_clean_fixed,27,SER,0.258269,0.107706
153lA00_pdb_clean_fixed,28,TYR,0.179049,0.085589
153lA00_pdb_clean_fixed,29,CYS,0.183147,0.058945
153lA00_pdb_clean_fixed,3,ASP,0.166186,0.173669
153lA00_pdb_clean_fixed,30,GLY,0.140692,0.055719
153lA00_pdb_clean_fixed,31,VAL,0.131040,0.053293
153lA00_pdb_clean_fixed,32,SER,0.222743,0.064144
153lA00_pdb_clean_fixed,33,ALA,0.140517,0.050746
153lA00_pdb_clean_fixed,34,SER,0.112228,0.040780
153lA00_pdb_clean_fixed,35,LYS,0.155010,0.049620
153lA00_pdb_clean_fixed,36,LYS,0.184469,0.049835
153lA00_pdb_clean_fixed,37,ILE,0.134333,0.048596
153lA00_pdb_clean_fixed,38,ALA,0.152186,0.050203
153lA00_pdb_clean_fixed,39,GLU,0.175231,0.057133
153lA00_pdb_clean_fixed,4,CYS,0.214895,0.081719
153lA00_pdb_clean_fixed,40,ARG,0.209724,0.065227
153lA00_pdb_clean_fixed,41,ASP,0.144331,0.059785
153lA00_pdb_clean_fixed,42,LEU,0.162321,0.061004
153lA00_pdb_clean_fixed,43,GLN,0.234686,0.078699
153lA00_pdb_clean_fixed,44,ALA,0.176008,0.069329
153lA00_pdb_clean_fixed,45,MET,0.131483,0.065070
153lA00_pdb_clean_fixed,46,ASP,0.293542,0.072343
153lA00_pdb_clean_fixed,47,ARG,0.243531,0.076325
153lA00_pdb_clean_fixed,48,TYR,0.177084,0.062032
153lA00_pdb_clean_fixed,49,LYS,0.164289,0.065532
153lA00_pdb_clean_fixed,5,TYR,0.185652,0.090752
153lA00_pdb_clean_fixed,50,THR,0.209304,0.073727
153lA00_pdb_clean_fixed,51,ILE,0.167195,0.064252
153lA00_pdb_clean_fixed,52,ILE,0.109418,0.056652
153lA00_pdb_clean_fixed,53,LYS,0.163628,0.062011
153lA00_pdb_clean_fixed,54,LYS,0.244939,0.066324
153lA00_pdb_clean_fixed,55,VAL,0.115947,0.057487
153lA00_pdb_clean_fixed,56,GLY,0.136231,0.060194
153lA00_pdb_clean_fixed,57,GLU,0.209579,0.074657
153lA00_pdb_clean_fixed,58,LYS,0.185251,0.073789
153lA00_pdb_clean_fixed,59,LEU,0.218832,0.062876
153lA00_pdb_clean_fixed,6,GLY,0.173647,0.099646
153lA00_pdb_clean_fixed,60,CYS,0.160927,0.063955
153lA00_pdb_clean_fixed,61,VAL,0.152067,0.059214
153lA00_pdb_clean_fixed,62,GLU,0.184305,0.056289
153lA00_pdb_clean_fixed,63,PRO,0.154787,0.051741
153lA00_pdb_clean_fixed,64,ALA,0.161784,0.044161
153lA00_pdb_clean_fixed,65,VAL,0.126940,0.044629
153lA00_pdb_clean_fixed,66,ILE,0.108395,0.042034
153lA00_pdb_clean_fixed,67,ALA,0.104515,0.039567
153lA00_pdb_clean_fixed,68,GLY,0.126357,0.040728
153lA00_pdb_clean_fixed,69,ILE,0.131702,0.041565
153lA00_pdb_clean_fixed,7,ASN,0.161804,0.098407
153lA00_pdb_clean_fixed,70,ILE,0.118222,0.040290
153lA00_pdb_clean_fixed,71,SER,0.141546,0.037748
153lA00_pdb_clean_fixed,72,ARG,0.145768,0.041976
153lA00_pdb_clean_fixed,73,GLU,0.212818,0.048725
153lA00_pdb_clean_fixed,74,SER,0.175571,0.055189
153lA00_pdb_clean_fixed,75,HSP,0.136937,0.058803
153lA00_pdb_clean_fixed,76,ALA,0.119518,0.059856
153lA00_pdb_clean_fixed,77,GLY,0.180137,0.068347
153lA00_pdb_clean_fixed,78,LYS,0.178408,0.083513
153lA00_pdb_clean_fixed,79,VAL,0.164258,0.098128
153lA00_pdb_clean_fixed,8,VAL,0.164989,0.068633
153lA00_pdb_clean_fixed,80,LEU,0.173475,0.082936
153lA00_pdb_clean_fixed,81,LYS,0.231196,0.105426
153lA00_pdb_clean_fixed,82,ASN,0.193199,0.115914
153lA00_pdb_clean_fixed,83,GLY,0.164350,0.086301
153lA00_pdb_clean_fixed,84,TRP,0.117820,0.076366
153lA00_pdb_clean_fixed,85,GLY,0.158521,0.099658
153lA00_pdb_clean_fixed,86,ASP,0.247412,0.163574
153lA00_pdb_clean_fixed,87,ARG,0.287422,0.172909
153lA00_pdb_clean_fixed,88,GLY,0.203158,0.136364
153lA00_pdb_clean_fixed,89,ASN,0.162146,0.147004
153lA00_pdb_clean_fixed,9,ASN,0.208911,0.083256
153lA00_pdb_clean_fixed,90,GLY,0.117702,0.077573
153lA00_pdb_clean_fixed,91,PHE,0.102581,0.060508
153lA00_pdb_clean_fixed,92,GLY,0.122543,0.059190
153lA00_pdb_clean_fixed,93,LEU,0.117350,0.056005
153lA00_pdb_clean_fixed,94,MET,0.131395,0.058604
153lA00_pdb_clean_fixed,95,GLN,0.128729,0.059706
153lA00_pdb_clean_fixed,96,VAL,0.112376,0.068658
153lA00_pdb_clean_fixed,97,ASP,0.145240,0.097062
153lA00_pdb_clean_fixed,98,LYS,0.190358,0.118244
153lA00_pdb_clean_fixed,99,ARG,0.272568,0.168192
16pkA02_pdb_clean_fixed,199,TYR,0.348413,0.502957
16pkA02_pdb_clean_fixed,200,PHE,0.270757,0.446428
16pkA02_pdb_clean_fixed,201,ALA,0.273430,0.374558
16pkA02_pdb_clean_fixed,202,LYS,0.241502,0.327800
16pkA02_pdb_clean_fixed,203,VAL,0.174709,0.362290
16pkA02_pdb_clean_fixed,204,LEU,0.209731,0.340213
16pkA02_pdb_clean_fixed,205,GLY,0.314432,0.249104
16pkA02_pdb_clean_fixed,206,ASN,0.273927,0.186358
16pkA02_pdb_clean_fixed,207,PRO,0.358935,0.132073
16pkA02_pdb_clean_fixed,208,PRO,0.245337,0.100521
16pkA02_pdb_clean_fixed,209,ARG,0.177019,0.089319
16pkA02_pdb_clean_fixed,210,PRO,0.154812,0.065666
16pkA02_pdb_clean_fixed,211,LEU,0.104542,0.057445
16pkA02_pdb_clean_fixed,212,VAL,0.102512,0.052870
16pkA02_pdb_clean_fixed,213,ALA,0.102244,0.053517
16pkA02_pdb_clean_fixed,214,ILE,0.102207,0.049082
16pkA02_pdb_clean_fixed,215,VAL,0.102470,0.052790
16pkA02_pdb_clean_fixed,216,GLY,0.118012,0.058951
16pkA02_pdb_clean_fixed,217,GLY,0.166562,0.067455
16pkA02_pdb_clean_fixed,218,ALA,0.190649,0.088172
16pkA02_pdb_clean_fixed,219,LYS,0.162337,0.102290
16pkA02_pdb_clean_fixed,220,VAL,0.148396,0.094281
16pkA02_pdb_clean_fixed,221,SER,0.183538,0.102872
16pkA02_pdb_clean_fixed,222,ASP,0.248466,0.135000
16pkA02_pdb_clean_fixed,223,LYS,0.216018,0.101110
16pkA02_pdb_clean_fixed,224,ILE,0.169494,0.082007
16pkA02_pdb_clean_fixed,225,GLN,0.170199,0.103454
16pkA02_pdb_clean_fixed,226,LEU,0.161613,0.102664
16pkA02_pdb_clean_fixed,227,LEU,0.180211,0.081525
16pkA02_pdb_clean_fixed,228,ASP,0.209004,0.085497
16pkA02_pdb_clean_fixed,229,ASN,0.218204,0.101543
16pkA02_pdb_clean_fixed,230,MET,0.183085,0.091552
16pkA02_pdb_clean_fixed,231,LEU,0.188383,0.082428
16pkA02_pdb_clean_fixed,232,GLN,0.214170,0.096881
16pkA02_pdb_clean_fixed,233,ARG,0.210873,0.081395
16pkA02_pdb_clean_fixed,234,ILE,0.133373,0.063302
16pkA02_pdb_clean_fixed,235,ASP,0.139560,0.060265
16pkA02_pdb_clean_fixed,236,TYR,0.102648,0.054109
16pkA02_pdb_clean_fixed,237,LEU,0.102208,0.051416
16pkA02_pdb_clean_fixed,238,LEU,0.102218,0.047793
16pkA02_pdb_clean_fixed,239,ILE,0.103156,0.053964
16pkA02_pdb_clean_fixed,240,GLY,0.104290,0.057625
16pkA02_pdb_clean_fixed,241,GLY,0.166714,0.068928
16pkA02_pdb_clean_fixed,242,ALA,0.134868,0.083531
16pkA02_pdb_clean_fixed,243,MET,0.125586,0.077250
16pkA02_pdb_clean_fixed,244,ALA,0.139583,0.053418
16pkA02_pdb_clean_fixed,245,TYR,0.128347,0.047445
16pkA02_pdb_clean_fixed,246,THR,0.124779,0.056836
16pkA02_pdb_clean_fixed,247,PHE,0.122799,0.052544
16pkA02_pdb_clean_fixed,248,LEU,0.123885,0.053610
16pkA02_pdb_clean_fixed,249,LYS,0.145502,0.062918
16pkA02_pdb_clean_fixed,250,ALA,0.145952,0.075818
16pkA02_pdb_clean_fixed,251,GLN,0.181042,0.089446
16pkA02_pdb_clean_fixed,252,GLY,0.201038,0.096278
16pkA02_pdb_clean_fixed,253,TYR,0.168441,0.076513
16pkA02_pdb_clean_fixed,254,SER,0.195934,0.075644
16pkA02_pdb_clean_fixed,255,ILE,0.199843,0.059602
16pkA02_pdb_clean_fixed,256,GLY,0.187210,0.072575
16pkA02_pdb_clean_fixed,257,LYS,0.203909,0.074505
16pkA02_pdb_clean_fixed,258,SER,0.156061,0.062743
16pkA02_pdb_clean_fixed,259,LYS,0.177769,0.085915
16pkA02_pdb_clean_fixed,260,CYS,0.202899,0.088120
16pkA02_pdb_clean_fixed,261,GLU,0.218257,0.085321
16pkA02_pdb_clean_fixed,262,GLU,0.199474,0.098837
16pkA02_pdb_clean_fixed,263,SER,0.234273,0.106666
16pkA02_pdb_clean_fixed,264,LYS,0.208007,0.088305
16pkA02_pdb_clean_fixed,265,LEU,0.180823,0.080278
16pkA02_pdb_clean_fixed,266,GLU,0.192308,0.087375
16pkA02_pdb_clean_fixed,267,PHE,0.275863,0.080455
16pkA02_pdb_clean_fixed,268,ALA,0.148708,0.067492
16pkA02_pdb_clean_fixed,269,ARG,0.159255,0.076028
16pkA02_pdb_clean_fixed,270,SER,0.350084,0.081655
16pkA02_pdb_clean_fixed,271,LEU,0.141568,0.070612
16pkA02_pdb_clean_fixed,272,LEU,0.182013,0.072219
16pkA02_pdb_clean_fixed,273,LYS,0.254747,0.085055
16pkA02_pdb_clean_fixed,274,LYS,0.190423,0.080329
16pkA02_pdb_clean_fixed,275,ALA,0.136665,0.073727
16pkA02_pdb_clean_fixed,276,GLU,0.174873,0.096024
16pkA02_pdb_clean_fixed,277,ASP,0.245753,0.104636
16pkA02_pdb_clean_fixed,278,ARG,0.158183,0.094010
16pkA02_pdb_clean_fixed,279,LYS,0.220748,0.091481
16pkA02_pdb_clean_fixed,280,VAL,0.190792,0.063337
16pkA02_pdb_clean_fixed,281,GLN,0.133661,0.061123
16pkA02_pdb_clean_fixed,282,VAL,0.122077,0.059070
16pkA02_pdb_clean_fixed,283,ILE,0.209092,0.060269
16pkA02_pdb_clean_fixed,284,LEU,0.152625,0.084810
16pkA02_pdb_clean_fixed,285,PRO,0.126533,0.061362
16pkA02_pdb_clean_fixed,286,ILE,0.170950,0.066278
16pkA02_pdb_clean_fixed,287,ASP,0.150876,0.047044
16pkA02_pdb_clean_fixed,288,HIS,0.106527,0.043042
16pkA02_pdb_clean_fixed,289,VAL,0.103073,0.043459
16pkA02_pdb_clean_fixed,290,CYS,0.109831,0.051281
16pkA02_pdb_clean_fixed,291,HIS,0.121978,0.059136
16pkA02_pdb_clean_fixed,292,THR,0.216480,0.073184
16pkA02_pdb_clean_fixed,293,GLU,0.202082,0.090293
16pkA02_pdb_clean_fixed,294,PHE,0.219866,0.090417
16pkA02_pdb_clean_fixed,295,LYS,0.177636,0.091116
16pkA02_pdb_clean_fixed,296,ALA,0.209581,0.089398
16pkA02_pdb_clean_fixed,297,VAL,0.223557,0.094665
16pkA02_pdb_clean_fixed,298,ASP,0.279254,0.122942
16pkA02_pdb_clean_fixed,299,SER,0.272770,0.111291
16pkA02_pdb_clean_fixed,300,PRO,0.218295,0.090104
16pkA02_pdb_clean_fixed,301,LEU,0.189538,0.074006
16pkA02_pdb_clean_fixed,302,ILE,0.125164,0.062708
16pkA02_pdb_clean_fixed,303,THR,0.145643,0.064030
16pkA02_pdb_clean_fixed,304,GLU,0.190017,0.118212
16pkA02_pdb_clean_fixed,305,ASP,0.184950,0.099820
16pkA02_pdb_clean_fixed,306,GLN,0.189834,0.116681
16pkA02_pdb_clean_fixed,307,ASN,0.142320,0.087881
16pkA02_pdb_clean_fixed,308,ILE,0.138308,0.069096
16pkA02_pdb_clean_fixed,309,PRO,0.145981,0.082970
16pkA02_pdb_clean_fixed,310,GLU,0.198437,0.098637
16pkA02_pdb_clean_fixed,311,GLY,0.169666,0.087300
16pkA02_pdb_clean_fixed,312,HIS,0.103913,0.065196
16pkA02_pdb_clean_fixed,313,MET,0.120942,0.059260
16pkA02_pdb_clean_fixed,314,ALA,0.107405,0.047875
16pkA02_pdb_clean_fixed,315,LEU,0.115180,0.051899
16pkA02_pdb_clean_fixed,316,ASP,0.118454,0.045199
16pkA02_pdb_clean_fixed,317,ILE,0.111566,0.051312
16pkA02_pdb_clean_fixed,318,GLY,0.123349,0.052621
16pkA02_pdb_clean_fixed,319,PRO,0.177715,0.066563
16pkA02_pdb_clean_fixed,320,LYS,0.187034,0.059293
16pkA02_pdb_clean_fixed,321,THR,0.138911,0.047476
16pkA02_pdb_clean_fixed,322,ILE,0.146893,0.052840
16pkA02_pdb_clean_fixed,323,GLU,0.175284,0.058210
16pkA02_pdb_clean_fixed,324,LYS,0.169588,0.053851
16pkA02_pdb_clean_fixed,325,TYR,0.117178,0.047923
16pkA02_pdb_clean_fixed,326,VAL,0.172125,0.054202
16pkA02_pdb_clean_fixed,327,GLN,0.175585,0.061219
16pkA02_pdb_clean_fixed,328,THR,0.154754,0.057848
16pkA02_pdb_clean_fixed,329,ILE,0.122537,0.060411
16pkA02_pdb_clean_fixed,330,GLY,0.174201,0.070507
16pkA02_pdb_clean_fixed,331,LYS,0.178427,0.077032
16pkA02_pdb_clean_fixed,332,CYS,0.124773,0.065955
16pkA02_pdb_clean_fixed,333,LYS,0.139114,0.065955
16pkA02_pdb_clean_fixed,334,SER,0.103116,0.059524
16pkA02_pdb_clean_fixed,335,ALA,0.102197,0.056765
16pkA02_pdb_clean_fixed,336,ILE,0.102381,0.055956
16pkA02_pdb_clean_fixed,337,TRP,0.102461,0.051193
16pkA02_pdb_clean_fixed,338,ASN,0.107996,0.060056
16pkA02_pdb_clean_fixed,339,GLY,0.151977,0.063553
16pkA02_pdb_clean_fixed,340,PRO,0.120053,0.054400
16pkA02_pdb_clean_fixed,341,MET,0.129066,0.050615
16pkA02_pdb_clean_fixed,342,GLY,0.119730,0.060553
16pkA02_pdb_clean_fixed,343,VAL,0.175592,0.059550
16pkA02_pdb_clean_fixed,344,PHE,0.194656,0.070009
16pkA02_pdb_clean_fixed,345,GLU,0.183450,0.089428
16pkA02_pdb_clean_fixed,346,MET,0.239955,0.073490
16pkA02_pdb_clean_fixed,347,VAL,0.172538,0.085558
16pkA02_pdb_clean_fixed,348,PRO,0.168820,0.079276
16pkA02_pdb_clean_fixed,349,TYR,0.171636,0.056436
16pkA02_pdb_clean_fixed,350,SER,0.148195,0.057899
16pkA02_pdb_clean_fixed,351,LYS,0.147641,0.063329
16pkA02_pdb_clean_fixed,352,GLY,0.119497,0.057295
16pkA02_pdb_clean_fixed,353,THR,0.121051,0.049689
16pkA02_pdb_clean_fixed,354,PHE,0.147891,0.055547
16pkA02_pdb_clean_fixed,355,ALA,0.162410,0.063018
16pkA02_pdb_clean_fixed,356,ILE,0.106003,0.064114
16pkA02_pdb_clean_fixed,357,ALA,0.112799,0.058913
16pkA02_pdb_clean_fixed,358,LYS,0.144757,0.062615
16pkA02_pdb_clean_fixed,359,ALA,0.135496,0.070800
16pkA02_pdb_clean_fixed,360,MET,0.102387,0.065200
16pkA02_pdb_clean_fixed,361,GLY,0.124836,0.069593
16pkA02_pdb_clean_fixed,362,ARG,0.194859,0.080266
16pkA02_pdb_clean_fixed,363,GLY,0.126620,0.091969
16pkA02_pdb_clean_fixed,364,THR,0.167942,0.083820
16pkA02_pdb_clean_fixed,365,HIS,0.217606,0.143209
16pkA02_pdb_clean_fixed,366,GLU,0.281066,0.143796
16pkA02_pdb_clean_fixed,367,HIS,0.231293,0.130829
16pkA02_pdb_clean_fixed,368,GLY,0.160550,0.102693
16pkA02_pdb_clean_fixed,369,LEU,0.125580,0.067610
16pkA02_pdb_clean_fixed,370,MET,0.114231,0.065365
16pkA02_pdb_clean_fixed,371,SER,0.102961,0.064786
16pkA02_pdb_clean_fixed,372,ILE,0.102289,0.065333
16pkA02_pdb_clean_fixed,373,ILE,0.102817,0.070763
16pkA02_pdb_clean_fixed,374,GLY,0.102640,0.100488
16pkA02_pdb_clean_fixed,375,GLY,0.155530,0.157475
16pkA02_pdb_clean_fixed,376,GLY,0.211120,0.118523
16pkA02_pdb_clean_fixed,377,ASP,0.196643,0.099942
16pkA02_pdb_clean_fixed,378,SER,0.152070,0.075519
16pkA02_pdb_clean_fixed,379,ALA,0.150024,0.079093
16pkA02_pdb_clean_fixed,380,SER,0.184948,0.087917
16pkA02_pdb_clean_fixed,381,ALA,0.159520,0.087157
16pkA02_pdb_clean_fixed,382,ALA,0.114377,0.080971
16pkA02_pdb_clean_fixed,383,GLU,0.179184,0.090081
16pkA02_pdb_clean_fixed,384,LEU,0.212823,0.104538
16pkA02_pdb_clean_fixed,385,SER,0.209185,0.106339
16pkA02_pdb_clean_fixed,386,GLY,0.202689,0.105248
16pkA02_pdb_clean_fixed,387,GLU,0.175171,0.090614
16pkA02_pdb_clean_fixed,388,ALA,0.191138,0.094654
16pkA02_pdb_clean_fixed,389,LYS,0.224732,0.118070
16pkA02_pdb_clean_fixed,390,ARG,0.186450,0.115024
16pkA02_pdb_clean_fixed,391,MET,0.148230,0.103396
16pkA02_pdb_clean_fixed,392,SER,0.169352,0.150512
16pkA02_pdb_clean_fixed,393,HIS,0.171980,0.141101
16pkA02_pdb_clean_fixed,394,VAL,0.163463,0.129058
16pkA02_pdb_clean_fixed,395,SER,0.162035,0.193181
16pkA02_pdb_clean_fixed,396,THR,0.222724,0.270592
16pkA02_pdb_clean_fixed,397,GLY,0.195896,0.333508
16pkA02_pdb_clean_fixed,398,GLY,0.283718,0.386241
16pkA02_pdb_clean_fixed,399,GLY,0.202050,0.383232
16pkA02_pdb_clean_fixed,400,ALA,0.216705,0.347630
16pkA02_pdb_clean_fixed,401,SER,0.139517,0.304875
16pkA02_pdb_clean_fixed,402,LEU,0.136444,0.285941
16pkA02_pdb_clean_fixed,403,GLU,0.280231,0.316238
16pkA02_pdb_clean_fixed,404,LEU,0.202858,0.341188
16pkA02_pdb_clean_fixed,405,LEU,0.165355,0.357051
16pkA02_pdb_clean_fixed,406,GLU,0.421955,0.461936
1a02F00_pdb_clean_fixed,140,ARG,0.472912,1.317963
1a02F00_pdb_clean_fixed,141,ARG,0.360295,1.190245
1a02F00_pdb_clean_fixed,142,ILE,0.323149,1.113464
1a02F00_pdb_clean_fixed,143,ARG,0.423138,1.075843
1a02F00_pdb_clean_fixed,144,ARG,0.330267,1.014859
1a02F00_pdb_clean_fixed,145,GLU,0.410799,1.000103
1a02F00_pdb_clean_fixed,146,ARG,0.381604,0.973212
1a02F00_pdb_clean_fixed,147,ASN,0.288350,0.971797
1a02F00_pdb_clean_fixed,148,LYS,0.295848,0.918800
1a02F00_pdb_clean_fixed,149,MET,0.265695,0.852096
1a02F00_pdb_clean_fixed,150,ALA,0.349866,0.880673
1a02F00_pdb_clean_fixed,151,ALA,0.430825,0.895157
1a02F00_pdb_clean_fixed,152,ALA,0.289731,0.846217
1a02F00_pdb_clean_fixed,153,LYS,0.234299,0.846873
1a02F00_pdb_clean_fixed,154,SER,0.208831,0.804627
1a02F00_pdb_clean_fixed,155,ARG,0.427971,0.794446
1a02F00_pdb_clean_fixed,156,ASN,0.394698,0.846780
1a02F00_pdb_clean_fixed,157,ARG,0.233302,0.840649
1a02F00_pdb_clean_fixed,158,ARG,0.228259,0.806560
1a02F00_pdb_clean_fixed,159,ARG,0.412899,0.827975
1a02F00_pdb_clean_fixed,160,GLU,0.341571,0.939603
1a02F00_pdb_clean_fixed,161,LEU,0.317350,0.883520
1a02F00_pdb_clean_fixed,162,THR,0.321635,0.875139
1a02F00_pdb_clean_fixed,163,ASP,0.327698,1.000094
1a02F00_pdb_clean_fixed,164,THR,0.268843,1.048143
1a02F00_pdb_clean_fixed,165,LEU,0.333742,0.971254
1a02F00_pdb_clean_fixed,166,GLN,0.347556,0.946958
1a02F00_pdb_clean_fixed,167,ALA,0.407006,0.904473
1a02F00_pdb_clean_fixed,168,GLU,0.294127,0.804128
1a02F00_pdb_clean_fixed,169,THR,0.222092,0.778983
1a02F00_pdb_clean_fixed,170,ASP,0.281788,0.748923
1a02F00_pdb_clean_fixed,171,GLN,0.424958,0.693484
1a02F00_pdb_clean_fixed,172,LEU,0.402729,0.721949
1a02F00_pdb_clean_fixed,173,GLU,0.311306,0.782719
1a02F00_pdb_clean_fixed,174,ASP,0.283662,0.769925
1a02F00_pdb_clean_fixed,175,GLU,0.322762,0.879029
1a02F00_pdb_clean_fixed,176,LYS,0.304008,0.873152
1a02F00_pdb_clean_fixed,177,SER,0.339603,0.809730
1a02F00_pdb_clean_fixed,178,ALA,0.298343,0.812815
1a02F00_pdb_clean_fixed,179,LEU,0.264833,0.797134
1a02F00_pdb_clean_fixed,180,GLN,0.281770,0.780279
1a02F00_pdb_clean_fixed,181,THR,0.238843,0.752180
1a02F00_pdb_clean_fixed,182,GLU,0.341096,0.759284
1a02F00_pdb_clean_fixed,183,ILE,0.294765,0.738574
1a02F00_pdb_clean_fixed,184,ALA,0.241293,0.704008
1a02F00_pdb_clean_fixed,185,ASN,0.256995,0.707202
1a02F00_pdb_clean_fixed,186,LEU,0.320108,0.740066
1a02F00_pdb_clean_fixed,187,LEU,0.332066,0.775374
1a02F00_pdb_clean_fixed,188,LYS,0.280799,0.850141
1a02F00_pdb_clean_fixed,189,GLU,0.399786,0.988465
1a02F00_pdb_clean_fixed,190,LYS,0.262574,1.108262
1a02F00_pdb_clean_fixed,191,GLU,0.392420,1.239113
1a02F00_pdb_clean_fixed,192,LYS,0.670532,1.379569
1a05A00_pdb_clean_fixed,1,MET,0.335500,0.198471
1a05A00_pdb_clean_fixed,10,ASP,0.116307,0.123620
1a05A00_pdb_clean_fixed,100,LEU,0.106558,0.105604
1a05A00_pdb_clean_fixed,101,TYR,0.134591,0.101919
1a05A00_pdb_clean_fixed,102,ALA,0.110867,0.095818
1a05A00_pdb_clean_fixed,103,ASN,0.102513,0.084838
1a05A00_pdb_clean_fixed,104,LEU,0.106529,0.079186
1a05A00_pdb_clean_fixed,105,ARG,0.103970,0.085813
1a05A00_pdb_clean_fixed,106,PRO,0.116379,0.091134
1a05A00_pdb_clean_fixed,107,ALA,0.108691,0.105261
1a05A00_pdb_clean_fixed,108,GLN,0.153237,0.129558
1a05A00_pdb_clean_fixed,109,ILE,0.127642,0.131691
1a05A00_pdb_clean_fixed,11,GLY,0.149212,0.133842
1a05A00_pdb_clean_fixed,110,PHE,0.159091,0.124894
1a05A00_pdb_clean_fixed,111,PRO,0.218335,0.166305
1a05A00_pdb_clean_fixed,112,GLN,0.260125,0.160504
1a05A00_pdb_clean_fixed,113,LEU,0.174110,0.171013
1a05A00_pdb_clean_fixed,114,LEU,0.169351,0.233677
1a05A00_pdb_clean_fixed,115,ASP,0.254728,0.262724
1a05A00_pdb_clean_fixed,116,ALA,0.178026,0.336594
1a05A00_pdb_clean_fixed,117,SER,0.169255,0.310880
1a05A00_pdb_clean_fixed,118,PRO,0.208986,0.350275
1a05A00_pdb_clean_fixed,119,LEU,0.185288,0.322507
1a05A00_pdb_clean_fixed,12,ILE,0.128405,0.113214
1a05A00_pdb_clean_fixed,120,ARG,0.270505,0.308634
1a05A00_pdb_clean_fixed,121,PRO,0.187370,0.280042
1a05A00_pdb_clean_fixed,122,GLU,0.404632,0.290392
1a05A00_pdb_clean_fixed,123,LEU,0.209930,0.247001
1a05A00_pdb_clean_fixed,124,VAL,0.203563,0.226265
1a05A00_pdb_clean_fixed,125,ARG,0.204503,0.233659
1a05A00_pdb_clean_fixed,126,ASP,0.219476,0.194840
1a05A00_pdb_clean_fixed,127,VAL,0.164623,0.149083
1a05A00_pdb_clean_fixed,128,ASP,0.139477,0.120133
1a05A00_pdb_clean_fixed,129,ILE,0.109309,0.090263
1a05A00_pdb_clean_fixed,13,GLY,0.132904,0.098579
1a05A00_pdb_clean_fixed,130,LEU,0.104747,0.077976
1a05A00_pdb_clean_fixed,131,VAL,0.102222,0.074324
1a05A00_pdb_clean_fixed,132,VAL,0.102205,0.071550
1a05A00_pdb_clean_fixed,133,ARG,0.102778,0.089646
1a05A00_pdb_clean_fixed,134,GLU,0.103353,0.099255
1a05A00_pdb_clean_fixed,135,LEU,0.124251,0.114261
1a05A00_pdb_clean_fixed,136,THR,0.155417,0.154477
1a05A00_pdb_clean_fixed,137,GLY,0.177839,0.190670
1a05A00_pdb_clean_fixed,138,ASP,0.148471,0.220023
1a05A00_pdb_clean_fixed,139,ILE,0.206383,0.299051
1a05A00_pdb_clean_fixed,14,PRO,0.175536,0.098236
1a05A00_pdb_clean_fixed,140,TYR,0.255894,0.323368
1a05A00_pdb_clean_fixed,141,PHE,0.219998,0.382720
1a05A00_pdb_clean_fixed,142,GLY,0.204719,0.521657
1a05A00_pdb_clean_fixed,143,GLN,0.177388,0.602458
1a05A00_pdb_clean_fixed,144,PRO,0.192516,0.658060
1a05A00_pdb_clean_fixed,145,ARG,0.189364,0.578815
1a05A00_pdb_clean_fixed,146,GLY,0.210496,0.657444
1a05A00_pdb_clean_fixed,147,LEU,0.177880,0.782986
1a05A00_pdb_clean_fixed,148,GLU,0.180065,0.855170
1a05A00_pdb_clean_fixed,149,VAL,0.175178,0.978843
1a05A00_pdb_clean_fixed,15,GLU,0.128084,0.096886
1a05A00_pdb_clean_fixed,150,ILE,0.248318,1.056510
1a05A00_pdb_clean_fixed,151,ASP,0.215138,1.195618
1a05A00_pdb_clean_fixed,152,GLY,0.253638,1.180932
1a05A00_pdb_clean_fixed,153,LYS,0.218496,1.001935
1a05A00_pdb_clean_fixed,154,ARG,0.155959,0.827529
1a05A00_pdb_clean_fixed,155,ARG,0.182357,0.681544
1a05A00_pdb_clean_fixed,156,GLY,0.171512,0.550894
1a05A00_pdb_clean_fixed,157,PHE,0.198885,0.479226
1a05A00_pdb_clean_fixed,158,ASN,0.176265,0.400188
1a05A00_pdb_clean_fixed,159,THR,0.178657,0.339707
1a05A00_pdb_clean_fixed,16,ILE,0.106179,0.078221
1a05A00_pdb_clean_fixed,160,MET,0.161264,0.301221
1a05A00_pdb_clean_fixed,161,VAL,0.300845,0.239900
1a05A00_pdb_clean_fixed,162,TYR,0.201663,0.185241
1a05A00_pdb_clean_fixed,163,ASP,0.328853,0.167660
1a05A00_pdb_clean_fixed,164,GLU,0.195574,0.155066
1a05A00_pdb_clean_fixed,165,ASP,0.221374,0.147938
1a05A00_pdb_clean_fixed,166,GLU,0.198930,0.129787
1a05A00_pdb_clean_fixed,167,ILE,0.124558,0.113082
1a05A00_pdb_clean_fixed,168,ARG,0.137810,0.116523
1a05A00_pdb_clean_fixed,169,ARG,0.182478,0.113869
1a05A00_pdb_clean_fixed,17,VAL,0.125918,0.073331
1a05A00_pdb_clean_fixed,170,ILE,0.153435,0.091710
1a05A00_pdb_clean_fixed,171,ALA,0.122532,0.093234
1a05A00_pdb_clean_fixed,172,HIS,0.142202,0.108225
1a05A00_pdb_clean_fixed,173,VAL,0.136960,0.100714
1a05A00_pdb_clean_fixed,174,ALA,0.106139,0.085839
1a05A00_pdb_clean_fixed,175,PHE,0.124927,0.100116
1a05A00_pdb_clean_fixed,176,ARG,0.175626,0.119183
1a05A00_pdb_clean_fixed,177,ALA,0.156651,0.110281
1a05A00_pdb_clean_fixed,178,ALA,0.122703,0.106438
1a05A00_pdb_clean_fixed,179,GLN,0.161742,0.136223
1a05A00_pdb_clean_fixed,18,ALA,0.172005,0.089137
1a05A00_pdb_clean_fixed,180,GLY,0.266587,0.153857
1a05A00_pdb_clean_fixed,181,ARG,0.211327,0.134287
1a05A00_pdb_clean_fixed,182,ARG,0.231678,0.133314
1a05A00_pdb_clean_fixed,183,LYS,0.151357,0.129108
1a05A00_pdb_clean_fixed,184,GLN,0.118446,0.112052
1a05A00_pdb_clean_fixed,185,LEU,0.102282,0.087777
1a05A00_pdb_clean_fixed,186,CYS,0.102351,0.082214
1a05A00_pdb_clean_fixed,187,SER,0.102203,0.085273
1a05A00_pdb_clean_fixed,188,VAL,0.102429,0.105038
1a05A00_pdb_clean_fixed,189,ASP,0.116846,0.164220
1a05A00_pdb_clean_fixed,19,ALA,0.122397,0.083702
1a05A00_pdb_clean_fixed,190,LYS,0.159216,0.195725
1a05A00_pdb_clean_fixed,191,ALA,0.292973,0.255673
1a05A00_pdb_clean_fixed,192,ASN,0.280627,0.295551
1a05A00_pdb_clean_fixed,193,VAL,0.291021,0.329591
1a05A00_pdb_clean_fixed,194,LEU,0.270744,0.306320
1a05A00_pdb_clean_fixed,195,GLU,0.198431,0.277380
1a05A00_pdb_clean_fixed,196,THR,0.202696,0.243932
1a05A00_pdb_clean_fixed,197,THR,0.168016,0.222423
1a05A00_pdb_clean_fixed,198,ARG,0.181376,0.198098
1a05A00_pdb_clean_fixed,199,LEU,0.195721,0.169408
1a05A00_pdb_clean_fixed,2,LYS,0.143363,0.145812
1a05A00_pdb_clean_fixed,20,ALA,0.131904,0.073053
1a05A00_pdb_clean_fixed,200,TRP,0.161479,0.138378
1a05A00_pdb_clean_fixed,201,ARG,0.124039,0.139176
1a05A00_pdb_clean_fixed,202,GLU,0.262178,0.153976
1a05A00_pdb_clean_fixed,203,VAL,0.136890,0.137537
1a05A00_pdb_clean_fixed,204,VAL,0.120850,0.120638
1a05A00_pdb_clean_fixed,205,THR,0.199634,0.140748
1a05A00_pdb_clean_fixed,206,GLU,0.230644,0.155462
1a05A00_pdb_clean_fixed,207,VAL,0.178088,0.139755
1a05A00_pdb_clean_fixed,208,ALA,0.171281,0.138894
1a05A00_pdb_clean_fixed,209,ARG,0.316829,0.168546
1a05A00_pdb_clean_fixed,21,ARG,0.218656,0.084931
1a05A00_pdb_clean_fixed,210,ASP,0.316517,0.170852
1a05A00_pdb_clean_fixed,211,TYR,0.188852,0.153649
1a05A00_pdb_clean_fixed,212,PRO,0.413722,0.172789
1a05A00_pdb_clean_fixed,213,ASP,0.233279,0.167863
1a05A00_pdb_clean_fixed,214,VAL,0.177461,0.130341
1a05A00_pdb_clean_fixed,215,ARG,0.143954,0.126000
1a05A00_pdb_clean_fixed,216,LEU,0.133424,0.109695
1a05A00_pdb_clean_fixed,217,SER,0.153470,0.109911
1a05A00_pdb_clean_fixed,218,HIS,0.128342,0.124815
1a05A00_pdb_clean_fixed,219,MET,0.122718,0.134966
1a05A00_pdb_clean_fixed,22,GLN,0.162197,0.098989
1a05A00_pdb_clean_fixed,220,TYR,0.125592,0.149859
1a05A00_pdb_clean_fixed,221,VAL,0.132915,0.154147
1a05A00_pdb_clean_fixed,222,ASP,0.223618,0.185273
1a05A00_pdb_clean_fixed,223,ASN,0.213456,0.168930
1a05A00_pdb_clean_fixed,224,ALA,0.151611,0.156904
1a05A00_pdb_clean_fixed,225,ALA,0.174939,0.179989
1a05A00_pdb_clean_fixed,226,MET,0.307960,0.174661
1a05A00_pdb_clean_fixed,227,GLN,0.165418,0.145712
1a05A00_pdb_clean_fixed,228,LEU,0.148613,0.139279
1a05A00_pdb_clean_fixed,229,ILE,0.182183,0.184177
1a05A00_pdb_clean_fixed,23,VAL,0.146266,0.094476
1a05A00_pdb_clean_fixed,230,ARG,0.370162,0.183210
1a05A00_pdb_clean_fixed,231,ALA,0.200120,0.158130
1a05A00_pdb_clean_fixed,232,PRO,0.186411,0.140937
1a05A00_pdb_clean_fixed,233,ALA,0.198421,0.149580
1a05A00_pdb_clean_fixed,234,GLN,0.222662,0.137629
1a05A00_pdb_clean_fixed,235,PHE,0.142564,0.101318
1a05A00_pdb_clean_fixed,236,ASP,0.151353,0.089686
1a05A00_pdb_clean_fixed,237,VAL,0.102429,0.076251
1a05A00_pdb_clean_fixed,238,LEU,0.102197,0.071120
1a05A00_pdb_clean_fixed,239,LEU,0.102522,0.070283
1a05A00_pdb_clean_fixed,24,LEU,0.175901,0.101315
1a05A00_pdb_clean_fixed,240,THR,0.112958,0.087881
1a05A00_pdb_clean_fixed,241,GLY,0.158901,0.112771
1a05A00_pdb_clean_fixed,242,ASN,0.180612,0.153633
1a05A00_pdb_clean_fixed,243,MET,0.171434,0.189301
1a05A00_pdb_clean_fixed,244,PHE,0.168869,0.150284
1a05A00_pdb_clean_fixed,245,GLY,0.149231,0.142499
1a05A00_pdb_clean_fixed,246,ASP,0.165614,0.150584
1a05A00_pdb_clean_fixed,247,ILE,0.235330,0.150659
1a05A00_pdb_clean_fixed,248,LEU,0.121955,0.126323
1a05A00_pdb_clean_fixed,249,SER,0.149952,0.138406
1a05A00_pdb_clean_fixed,25,ASP,0.259869,0.117322
1a05A00_pdb_clean_fixed,250,ASP,0.158729,0.147627
1a05A00_pdb_clean_fixed,251,GLU,0.142000,0.135652
1a05A00_pdb_clean_fixed,252,ALA,0.115317,0.127357
1a05A00_pdb_clean_fixed,253,SER,0.109319,0.140098
1a05A00_pdb_clean_fixed,254,GLN,0.168484,0.158810
1a05A00_pdb_clean_fixed,255,LEU,0.147890,0.152289
1a05A00_pdb_clean_fixed,256,THR,0.151930,0.145199
1a05A00_pdb_clean_fixed,257,GLY,0.147231,0.163122
1a05A00_pdb_clean_fixed,258,SER,0.111638,0.144347
1a05A00_pdb_clean_fixed,259,ILE,0.158757,0.127574
1a05A00_pdb_clean_fixed,26,ALA,0.168504,0.126640
1a05A00_pdb_clean_fixed,260,GLY,0.178698,0.127438
1a05A00_pdb_clean_fixed,261,MET,0.150058,0.120003
1a05A00_pdb_clean_fixed,262,LEU,0.117151,0.097084
1a05A00_pdb_clean_fixed,263,PRO,0.141459,0.088120
1a05A00_pdb_clean_fixed,264,SER,0.102365,0.103345
1a05A00_pdb_clean_fixed,265,ALA,0.102220,0.090797
1a05A00_pdb_clean_fixed,266,SER,0.102194,0.086042
1a05A00_pdb_clean_fixed,267,LEU,0.118488,0.089119
1a05A00_pdb_clean_fixed,268,GLY,0.174863,0.117158
1a05A00_pdb_clean_fixed,269,GLU,0.212773,0.161495
1a05A00_pdb_clean_fixed,27,VAL,0.146122,0.126545
1a05A00_pdb_clean_fixed,270,GLY,0.209769,0.156223
1a05A00_pdb_clean_fixed,271,ARG,0.130566,0.115324
1a05A00_pdb_clean_fixed,272,ALA,0.102277,0.096910
1a05A00_pdb_clean_fixed,273,MET,0.102469,0.092372
1a05A00_pdb_clean_fixed,274,TYR,0.102779,0.079802
1a05A00_pdb_clean_fixed,275,GLU,0.103524,0.089702
1a05A00_pdb_clean_fixed,276,PRO,0.132570,0.085986
1a05A00_pdb_clean_fixed,277,ILE,0.175746,0.116087
1a05A00_pdb_clean_fixed,278,HIS,0.198592,0.124931
1a05A00_pdb_clean_fixed,279,GLY,0.251989,0.163741
1a05A00_pdb_clean_fixed,28,ASP,0.171911,0.135512
1a05A00_pdb_clean_fixed,280,SER,0.161517,0.173282
1a05A00_pdb_clean_fixed,281,ALA,0.197670,0.174496
1a05A00_pdb_clean_fixed,282,PRO,0.224238,0.184507
1a05A00_pdb_clean_fixed,283,ASP,0.227404,0.200846
1a05A00_pdb_clean_fixed,284,ILE,0.195335,0.170744
1a05A00_pdb_clean_fixed,285,ALA,0.212753,0.155148
1a05A00_pdb_clean_fixed,286,GLY,0.204064,0.165958
1a05A00_pdb_clean_fixed,287,GLN,0.235798,0.172304
1a05A00_pdb_clean_fixed,288,ASP,0.213814,0.150787
1a05A00_pdb_clean_fixed,289,LYS,0.164826,0.146523
1a05A00_pdb_clean_fixed,29,GLN,0.194109,0.163202
1a05A00_pdb_clean_fixed,290,ALA,0.170269,0.117728
1a05A00_pdb_clean_fixed,291,ASN,0.116365,0.095268
1a05A00_pdb_clean_fixed,292,PRO,0.135841,0.073905
1a05A00_pdb_clean_fixed,293,LEU,0.109631,0.074812
1a05A00_pdb_clean_fixed,294,ALA,0.145929,0.069854
1a05A00_pdb_clean_fixed,295,THR,0.121217,0.060291
1a05A00_pdb_clean_fixed,296,ILE,0.122159,0.060871
1a05A00_pdb_clean_fixed,297,LEU,0.146915,0.067290
1a05A00_pdb_clean_fixed,298,SER,0.149530,0.069133
1a05A00_pdb_clean_fixed,299,VAL,0.131815,0.073556
1a05A00_pdb_clean_fixed,3,LYS,0.105023,0.122672
1a05A00_pdb_clean_fixed,30,ALA,0.307165,0.174325
1a05A00_pdb_clean_fixed,300,ALA,0.148041,0.084630
1a05A00_pdb_clean_fixed,301,MET,0.111151,0.087777
1a05A00_pdb_clean_fixed,302,MET,0.104180,0.083155
1a05A00_pdb_clean_fixed,303,LEU,0.163159,0.101575
1a05A00_pdb_clean_fixed,304,ARG,0.178719,0.122170
1a05A00_pdb_clean_fixed,305,HIS,0.180408,0.124871
1a05A00_pdb_clean_fixed,306,SER,0.221549,0.113192
1a05A00_pdb_clean_fixed,307,LEU,0.200937,0.128355
1a05A00_pdb_clean_fixed,308,ASN,0.237544,0.155481
1a05A00_pdb_clean_fixed,309,ALA,0.158915,0.146267
1a05A00_pdb_clean_fixed,31,ALA,0.191228,0.176199
1a05A00_pdb_clean_fixed,310,GLU,0.184575,0.149228
1a05A00_pdb_clean_fixed,311,PRO,0.240306,0.157199
1a05A00_pdb_clean_fixed,312,TRP,0.159711,0.135779
1a05A00_pdb_clean_fixed,313,ALA,0.173194,0.118344
1a05A00_pdb_clean_fixed,314,GLN,0.167072,0.126505
1a05A00_pdb_clean_fixed,315,ARG,0.202553,0.125206
1a05A00_pdb_clean_fixed,316,VAL,0.114920,0.100731
1a05A00_pdb_clean_fixed,317,GLU,0.162205,0.101267
1a05A00_pdb_clean_fixed,318,ALA,0.231571,0.113772
1a05A00_pdb_clean_fixed,319,ALA,0.126632,0.104678
1a05A00_pdb_clean_fixed,32,HIS,0.262277,0.182259
1a05A00_pdb_clean_fixed,320,VAL,0.137385,0.093547
1a05A00_pdb_clean_fixed,321,GLN,0.164059,0.103452
1a05A00_pdb_clean_fixed,322,ARG,0.164822,0.109610
1a05A00_pdb_clean_fixed,323,VAL,0.153097,0.099566
1a05A00_pdb_clean_fixed,324,LEU,0.149854,0.098487
1a05A00_pdb_clean_fixed,325,ASP,0.178305,0.115885
1a05A00_pdb_clean_fixed,326,GLN,0.213767,0.127333
1a05A00_pdb_clean_fixed,327,GLY,0.297450,0.131586
1a05A00_pdb_clean_fixed,328,LEU,0.163964,0.124937
1a05A00_pdb_clean_fixed,329,ARG,0.133064,0.124561
1a05A00_pdb_clean_fixed,33,LEU,0.244697,0.157404
1a05A00_pdb_clean_fixed,330,THR,0.133505,0.129075
1a05A00_pdb_clean_fixed,331,ALA,0.198496,0.158041
1a05A00_pdb_clean_fixed,332,ASP,0.190850,0.188992
1a05A00_pdb_clean_fixed,333,ILE,0.177192,0.172636
1a05A00_pdb_clean_fixed,334,ALA,0.219593,0.160341
1a05A00_pdb_clean_fixed,335,ALA,0.219246,0.239256
1a05A00_pdb_clean_fixed,336,PRO,0.261407,0.325918
1a05A00_pdb_clean_fixed,337,GLY,0.308256,0.342775
1a05A00_pdb_clean_fixed,338,THR,0.227187,0.255948
1a05A00_pdb_clean_fixed,339,PRO,0.280885,0.223734
1a05A00_pdb_clean_fixed,34,GLY,0.257254,0.158125
1a05A00_pdb_clean_fixed,340,VAL,0.199835,0.159868
1a05A00_pdb_clean_fixed,341,ILE,0.174975,0.137003
1a05A00_pdb_clean_fixed,342,GLY,0.140503,0.130104
1a05A00_pdb_clean_fixed,343,THR,0.135070,0.103675
1a05A00_pdb_clean_fixed,344,LYS,0.146918,0.112238
1a05A00_pdb_clean_fixed,345,ALA,0.170276,0.123270
1a05A00_pdb_clean_fixed,346,MET,0.123907,0.099210
1a05A00_pdb_clean_fixed,347,GLY,0.154584,0.096695
1a05A00_pdb_clean_fixed,348,ALA,0.175518,0.115794
1a05A00_pdb_clean_fixed,349,ALA,0.154724,0.112325
1a05A00_pdb_clean_fixed,35,LEU,0.168973,0.132593
1a05A00_pdb_clean_fixed,350,VAL,0.118433,0.099794
1a05A00_pdb_clean_fixed,351,VAL,0.154376,0.118987
1a05A00_pdb_clean_fixed,352,ASN,0.254249,0.137599
1a05A00_pdb_clean_fixed,353,ALA,0.226408,0.128478
1a05A00_pdb_clean_fixed,354,LEU,0.245557,0.136650
1a05A00_pdb_clean_fixed,355,ASN,0.360646,0.193160
1a05A00_pdb_clean_fixed,356,LEU,0.553786,0.262917
1a05A00_pdb_clean_fixed,357,LYS,0.581594,0.431759
1a05A00_pdb_clean_fixed,36,ARG,0.147667,0.134994
1a05A00_pdb_clean_fixed,37,CYS,0.160336,0.108339
1a05A00_pdb_clean_fixed,38,THR,0.144041,0.104950
1a05A00_pdb_clean_fixed,39,GLU,0.164030,0.098130
1a05A00_pdb_clean_fixed,4,ILE,0.102338,0.094848
1a05A00_pdb_clean_fixed,40,GLY,0.130474,0.106515
1a05A00_pdb_clean_fixed,41,LEU,0.137580,0.117418
1a05A00_pdb_clean_fixed,42,VAL,0.102468,0.122007
1a05A00_pdb_clean_fixed,43,GLY,0.144895,0.146218
1a05A00_pdb_clean_fixed,44,GLY,0.118757,0.169757
1a05A00_pdb_clean_fixed,45,ALA,0.182137,0.179388
1a05A00_pdb_clean_fixed,46,ALA,0.216715,0.158375
1a05A00_pdb_clean_fixed,47,LEU,0.190504,0.182493
1a05A00_pdb_clean_fixed,48,ASP,0.229442,0.222566
1a05A00_pdb_clean_fixed,49,ALA,0.275292,0.241477
1a05A00_pdb_clean_fixed,5,ALA,0.102471,0.085134
1a05A00_pdb_clean_fixed,50,SER,0.209064,0.223409
1a05A00_pdb_clean_fixed,51,ASP,0.200949,0.222458
1a05A00_pdb_clean_fixed,52,ASP,0.161650,0.185597
1a05A00_pdb_clean_fixed,53,PRO,0.143571,0.157674
1a05A00_pdb_clean_fixed,54,LEU,0.145147,0.140361
1a05A00_pdb_clean_fixed,55,PRO,0.202620,0.151643
1a05A00_pdb_clean_fixed,56,ALA,0.229375,0.159246
1a05A00_pdb_clean_fixed,57,ALA,0.170843,0.144320
1a05A00_pdb_clean_fixed,58,SER,0.140990,0.122407
1a05A00_pdb_clean_fixed,59,LEU,0.119656,0.131584
1a05A00_pdb_clean_fixed,6,ILE,0.106179,0.079951
1a05A00_pdb_clean_fixed,60,GLN,0.291298,0.134458
1a05A00_pdb_clean_fixed,61,LEU,0.135336,0.114865
1a05A00_pdb_clean_fixed,62,ALA,0.122987,0.113394
1a05A00_pdb_clean_fixed,63,MET,0.200717,0.138240
1a05A00_pdb_clean_fixed,64,ALA,0.180700,0.136470
1a05A00_pdb_clean_fixed,65,ALA,0.191988,0.119457
1a05A00_pdb_clean_fixed,66,ASP,0.128249,0.131469
1a05A00_pdb_clean_fixed,67,ALA,0.102257,0.107892
1a05A00_pdb_clean_fixed,68,VAL,0.102353,0.091738
1a05A00_pdb_clean_fixed,69,ILE,0.102229,0.075637
1a05A00_pdb_clean_fixed,7,PHE,0.121458,0.086727
1a05A00_pdb_clean_fixed,70,LEU,0.102216,0.084681
1a05A00_pdb_clean_fixed,71,GLY,0.112266,0.088179
1a05A00_pdb_clean_fixed,72,ALA,0.132246,0.111507
1a05A00_pdb_clean_fixed,73,VAL,0.108716,0.134244
1a05A00_pdb_clean_fixed,74,GLY,0.149399,0.182868
1a05A00_pdb_clean_fixed,75,GLY,0.170498,0.216580
1a05A00_pdb_clean_fixed,76,PRO,0.342592,0.251568
1a05A00_pdb_clean_fixed,77,ARG,0.209964,0.242571
1a05A00_pdb_clean_fixed,78,TRP,0.207880,0.218807
1a05A00_pdb_clean_fixed,79,ASP,0.496299,0.258658
1a05A00_pdb_clean_fixed,8,ALA,0.126186,0.090793
1a05A00_pdb_clean_fixed,80,ALA,0.316933,0.275586
1a05A00_pdb_clean_fixed,81,TYR,0.237613,0.237854
1a05A00_pdb_clean_fixed,82,PRO,0.293201,0.253132
1a05A00_pdb_clean_fixed,83,PRO,0.233473,0.247054
1a05A00_pdb_clean_fixed,84,ALA,0.262303,0.226295
1a05A00_pdb_clean_fixed,85,LYS,0.164890,0.203587
1a05A00_pdb_clean_fixed,86,ARG,0.156218,0.183369
1a05A00_pdb_clean_fixed,87,PRO,0.141310,0.159959
1a05A00_pdb_clean_fixed,88,GLU,0.146556,0.172646
1a05A00_pdb_clean_fixed,89,GLN,0.172296,0.177069
1a05A00_pdb_clean_fixed,9,GLY,0.120608,0.111169
1a05A00_pdb_clean_fixed,90,GLY,0.119149,0.155840
1a05A00_pdb_clean_fixed,91,LEU,0.125854,0.143840
1a05A00_pdb_clean_fixed,92,LEU,0.230278,0.157093
1a05A00_pdb_clean_fixed,93,ARG,0.156878,0.152890
1a05A00_pdb_clean_fixed,94,LEU,0.103936,0.135060
1a05A00_pdb_clean_fixed,95,ARG,0.128857,0.142495
1a05A00_pdb_clean_fixed,96,LYS,0.150790,0.157574
1a05A00_pdb_clean_fixed,97,GLY,0.184967,0.146481
1a05A00_pdb_clean_fixed,98,LEU,0.145144,0.124235
1a05A00_pdb_clean_fixed,99,ASP,0.147581,0.121451
1a0aA00_pdb_clean_fixed,0,MET,0.829834,1.348302
1a0aA00_pdb_clean_fixed,1,LYS,0.783951,1.194291
1a0aA00_pdb_clean_fixed,10,GLN,0.397382,0.601775
1a0aA00_pdb_clean_fixed,11,ALA,0.345484,0.607279
1a0aA00_pdb_clean_fixed,12,ARG,0.328657,0.669159
1a0aA00_pdb_clean_fixed,13,ARG,0.249021,0.672836
1a0aA00_pdb_clean_fixed,14,ASN,0.319833,0.655843
1a0aA00_pdb_clean_fixed,15,ARG,0.304322,0.654471
1a0aA00_pdb_clean_fixed,16,LEU,0.287537,0.631543
1a0aA00_pdb_clean_fixed,17,ALA,0.209625,0.607192
1a0aA00_pdb_clean_fixed,18,VAL,0.646559,0.582740
1a0aA00_pdb_clean_fixed,19,ALA,0.283911,0.568865
1a0aA00_pdb_clean_fixed,2,ARG,0.804558,1.023659
1a0aA00_pdb_clean_fixed,20,LEU,0.155489,0.500717
1a0aA00_pdb_clean_fixed,21,HIS,0.201845,0.581910
1a0aA00_pdb_clean_fixed,22,GLU,0.540474,0.583612
1a0aA00_pdb_clean_fixed,23,LEU,0.387886,0.435517
1a0aA00_pdb_clean_fixed,24,ALA,0.215579,0.431881
1a0aA00_pdb_clean_fixed,25,SER,0.298776,0.558350
1a0aA00_pdb_clean_fixed,26,LEU,0.281371,0.533292
1a0aA00_pdb_clean_fixed,27,ILE,0.200582,0.428176
1a0aA00_pdb_clean_fixed,28,PRO,0.265030,0.559201
1a0aA00_pdb_clean_fixed,29,ALA,0.262023,0.593246
1a0aA00_pdb_clean_fixed,3,GLU,0.281171,0.884567
1a0aA00_pdb_clean_fixed,30,GLU,0.386227,0.643249
1a0aA00_pdb_clean_fixed,31,TRP,0.230871,0.514059
1a0aA00_pdb_clean_fixed,32,LYS,0.183675,0.490996
1a0aA00_pdb_clean_fixed,33,GLN,0.494761,0.593311
1a0aA00_pdb_clean_fixed,34,GLN,0.376334,0.678976
1a0aA00_pdb_clean_fixed,35,ASN,0.270710,0.682722
1a0aA00_pdb_clean_fixed,36,VAL,0.256857,0.690997
1a0aA00_pdb_clean_fixed,37,SER,0.259045,0.736885
1a0aA00_pdb_clean_fixed,38,ALA,0.284883,0.712044
1a0aA00_pdb_clean_fixed,39,ALA,0.488452,0.685608
1a0aA00_pdb_clean_fixed,4,SER,0.681253,0.807639
1a0aA00_pdb_clean_fixed,40,PRO,0.227741,0.625840
1a0aA00_pdb_clean_fixed,41,SER,0.313672,0.635361
1a0aA00_pdb_clean_fixed,42,LYS,0.284577,0.624929
1a0aA00_pdb_clean_fixed,43,ALA,0.290954,0.555355
1a0aA00_pdb_clean_fixed,44,THR,0.288038,0.528758
1a0aA00_pdb_clean_fixed,45,THR,0.229152,0.439956
1a0aA00_pdb_clean_fixed,46,VAL,0.233891,0.405546
1a0aA00_pdb_clean_fixed,47,GLU,0.205769,0.434508
1a0aA00_pdb_clean_fixed,48,ALA,0.134732,0.402479
1a0aA00_pdb_clean_fixed,49,ALA,0.177619,0.340463
1a0aA00_pdb_clean_fixed,5,HIS,0.293649,0.727569
1a0aA00_pdb_clean_fixed,50,CYS,0.376356,0.364893
1a0aA00_pdb_clean_fixed,51,ARG,0.259959,0.441080
1a0aA00_pdb_clean_fixed,52,TYR,0.256037,0.429387
1a0aA00_pdb_clean_fixed,53,ILE,0.409056,0.408350
1a0aA00_pdb_clean_fixed,54,ARG,0.373812,0.477252
1a0aA00_pdb_clean_fixed,55,HIS,0.276820,0.500800
1a0aA00_pdb_clean_fixed,56,LEU,0.462734,0.473912
1a0aA00_pdb_clean_fixed,57,GLN,0.440827,0.538984
1a0aA00_pdb_clean_fixed,58,GLN,0.349240,0.607202
1a0aA00_pdb_clean_fixed,59,ASN,0.511058,0.746750
1a0aA00_pdb_clean_fixed,6,LYS,0.286740,0.650995
1a0aA00_pdb_clean_fixed,60,GLY,0.409726,0.863344
1a0aA00_pdb_clean_fixed,61,SER,0.836658,0.955773
1a0aA00_pdb_clean_fixed,62,THR,0.853936,1.089549
1a0aA00_pdb_clean_fixed,7,HIS,0.555479,0.579021
1a0aA00_pdb_clean_fixed,8,ALA,0.324348,0.561890
1a0aA00_pdb_clean_fixed,9,GLU,0.313224,0.577004
1a0hA01_pdb_clean_fixed,164,SER,0.811844,0.929728
1a0hA01_pdb_clean_fixed,165,PRO,0.715107,0.766996
1a0hA01_pdb_clean_fixed,166,LEU,0.499561,0.616260
1a0hA01_pdb_clean_fixed,167,LEU,0.697855,0.481334
1a0hA01_pdb_clean_fixed,168,GLU,0.618936,0.381330
1a0hA01_pdb_clean_fixed,169,THR,0.454819,0.322682
1a0hA01_pdb_clean_fixed,170,CYS,0.231115,0.205951
1a0hA01_pdb_clean_fixed,171,VAL,0.168709,0.204986
1a0hA01_pdb_clean_fixed,172,PRO,0.182218,0.227862
1a0hA01_pdb_clean_fixed,173,ASP,0.390371,0.271611
1a0hA01_pdb_clean_fixed,174,ARG,0.182585,0.347032
1a0hA01_pdb_clean_fixed,175,GLY,0.129116,0.378412
1a0hA01_pdb_clean_fixed,176,ARG,0.128076,0.291741
1a0hA01_pdb_clean_fixed,177,GLU,0.187707,0.250343
1a0hA01_pdb_clean_fixed,178,TYR,0.196406,0.204605
1a0hA01_pdb_clean_fixed,179,ARG,0.304635,0.220829
1a0hA01_pdb_clean_fixed,180,GLY,0.310749,0.201644
1a0hA01_pdb_clean_fixed,181,ARG,0.187223,0.198264
1a0hA01_pdb_clean_fixed,182,LEU,0.310507,0.165559
1a0hA01_pdb_clean_fixed,183,ALA,0.158421,0.164179
1a0hA01_pdb_clean_fixed,184,VAL,0.156018,0.157423
1a0hA01_pdb_clean_fixed,185,THR,0.117407,0.138621
1a0hA01_pdb_clean_fixed,186,THR,0.168127,0.169826
1a0hA01_pdb_clean_fixed,187,HSP,0.227415,0.188483
1a0hA01_pdb_clean_fixed,188,GLY,0.285925,0.184746
1a0hA01_pdb_clean_fixed,189,SER,0.174584,0.171362
1a0hA01_pdb_clean_fixed,190,ARG,0.222671,0.177545
1a0hA01_pdb_clean_fixed,191,CYS,0.202444,0.159278
1a0hA01_pdb_clean_fixed,192,LEU,0.126096,0.202572
1a0hA01_pdb_clean_fixed,193,ALA,0.153735,0.213987
1a0hA01_pdb_clean_fixed,194,TRP,0.202292,0.216746
1a0hA01_pdb_clean_fixed,195,SER,0.190557,0.292820
1a0hA01_pdb_clean_fixed,196,SER,0.306628,0.357953
1a0hA01_pdb_clean_fixed,197,GLU,0.315153,0.364333
1a0hA01_pdb_clean_fixed,198,GLN,0.162628,0.411151
1a0hA01_pdb_clean_fixed,199,ALA,0.166416,0.360072
1a0hA01_pdb_clean_fixed,200,LYS,0.305624,0.369656
1a0hA01_pdb_clean_fixed,201,ALA,0.403273,0.438297
1a0hA01_pdb_clean_fixed,202,LEU,0.247836,0.531462
1a0hA01_pdb_clean_fixed,203,SER,0.395265,0.587330
1a0hA01_pdb_clean_fixed,204,LYS,0.387571,0.635796
1a0hA01_pdb_clean_fixed,205,ASP,0.678572,0.720125
1a0hA01_pdb_clean_fixed,206,GLN,0.512442,0.696266
1a0hA01_pdb_clean_fixed,207,ASP,0.253449,0.723204
1a0hA01_pdb_clean_fixed,208,PHE,0.260727,0.642624
1a0hA01_pdb_clean_fixed,209,ASN,0.308364,0.571065
1a0hA01_pdb_clean_fixed,210,PRO,0.345818,0.534177
1a0hA01_pdb_clean_fixed,211,ALA,0.569093,0.572664
1a0hA01_pdb_clean_fixed,212,VAL,0.233875,0.497195
1a0hA01_pdb_clean_fixed,213,PRO,0.289736,0.368257
1a0hA01_pdb_clean_fixed,214,LEU,0.261883,0.273726
1a0hA01_pdb_clean_fixed,215,ALA,0.248679,0.236768
1a0hA01_pdb_clean_fixed,216,GLU,0.201679,0.238320
1a0hA01_pdb_clean_fixed,217,ASN,0.206967,0.198544
1a0hA01_pdb_clean_fixed,218,PHE,0.141132,0.166592
1a0hA01_pdb_clean_fixed,219,CYS,0.107623,0.141514
1a0hA01_pdb_clean_fixed,220,ARG,0.158037,0.164011
1a0hA01_pdb_clean_fixed,221,ASN,0.136145,0.187776
1a0hA01_pdb_clean_fixed,222,PRO,0.171253,0.249404
1a0hA01_pdb_clean_fixed,223,ASP,0.209854,0.280361
1a0hA01_pdb_clean_fixed,224,GLY,0.171664,0.292249
1a0hA01_pdb_clean_fixed,225,ASP,0.232391,0.268112
1a0hA01_pdb_clean_fixed,226,GLU,0.259242,0.277958
1a0hA01_pdb_clean_fixed,227,GLU,0.216588,0.246520
1a0hA01_pdb_clean_fixed,228,GLY,0.146684,0.178920
1a0hA01_pdb_clean_fixed,229,ALA,0.109005,0.146285
1a0hA01_pdb_clean_fixed,230,TRP,0.105378,0.135542
1a0hA01_pdb_clean_fixed,231,CYS,0.136918,0.137726
1a0hA01_pdb_clean_fixed,232,TYR,0.111819,0.159161
1a0hA01_pdb_clean_fixed,233,VAL,0.136184,0.165987
1a0hA01_pdb_clean_fixed,234,ALA,0.187722,0.276675
1a0hA01_pdb_clean_fixed,235,ASP,0.211787,0.397168
1a0hA01_pdb_clean_fixed,236,GLN,0.214675,0.367120
1a0hA01_pdb_clean_fixed,237,PRO,0.274100,0.370846
1a0hA01_pdb_clean_fixed,238,GLY,0.508250,0.331714
1a0hA01_pdb_clean_fixed,239,ASP,0.239156,0.248427
1a0hA01_pdb_clean_fixed,240,PHE,0.182735,0.180982
1a0hA01_pdb_clean_fixed,241,GLU,0.126346,0.147898
1a0hA01_pdb_clean_fixed,242,TYR,0.117123,0.139295
1a0hA01_pdb_clean_fixed,243,CYS,0.123522,0.127891
1a0hA01_pdb_clean_fixed,244,ASP,0.172175,0.164310
1a0hA01_pdb_clean_fixed,245,LEU,0.133513,0.171534
1a0hA01_pdb_clean_fixed,246,ASN,0.315140,0.187058
1a0hA01_pdb_clean_fixed,247,TYR,0.224386,0.212564
1a0hA01_pdb_clean_fixed,248,CYS,0.253156,0.218656
1a0hA01_pdb_clean_fixed,249,GLU,0.316847,0.324798
1a0hA01_pdb_clean_fixed,250,GLU,0.469200,0.444414
1a0hA01_pdb_clean_fixed,251,PRO,0.474669,0.630000
1a0hA01_pdb_clean_fixed,252,VAL,0.592455,0.827976
1a0rP01_pdb_clean_fixed,100,ASP,0.378103,1.092094
1a0rP01_pdb_clean_fixed,101,MET,0.288720,1.000243
1a0rP01_pdb_clean_fixed,102,HIS,0.272236,0.929315
1a0rP01_pdb_clean_fixed,103,GLN,0.321574,0.837093
1a0rP01_pdb_clean_fixed,104,LYS,0.322862,0.779169
1a0rP01_pdb_clean_fixed,105,LEU,0.261838,0.662016
1a0rP01_pdb_clean_fixed,106,SER,0.452861,0.610930
1a0rP01_pdb_clean_fixed,107,PHE,0.258894,0.550789
1a0rP01_pdb_clean_fixed,108,GLY,0.268209,0.499980
1a0rP01_pdb_clean_fixed,109,PRO,0.337742,0.414755
1a0rP01_pdb_clean_fixed,110,ARG,0.265850,0.354997
1a0rP01_pdb_clean_fixed,111,TYR,0.214756,0.317021
1a0rP01_pdb_clean_fixed,112,GLY,0.187447,0.277229
1a0rP01_pdb_clean_fixed,113,PHE,0.142874,0.233903
1a0rP01_pdb_clean_fixed,114,VAL,0.125281,0.183485
1a0rP01_pdb_clean_fixed,115,TYR,0.254860,0.183663
1a0rP01_pdb_clean_fixed,116,GLU,0.149061,0.170474
1a0rP01_pdb_clean_fixed,117,LEU,0.143533,0.166790
1a0rP01_pdb_clean_fixed,118,GLU,0.188292,0.197232
1a0rP01_pdb_clean_fixed,119,SER,0.153651,0.195960
1a0rP01_pdb_clean_fixed,120,GLY,0.178427,0.188254
1a0rP01_pdb_clean_fixed,121,GLU,0.208944,0.226097
1a0rP01_pdb_clean_fixed,122,GLN,0.156566,0.221117
1a0rP01_pdb_clean_fixed,123,PHE,0.136593,0.178739
1a0rP01_pdb_clean_fixed,124,LEU,0.263333,0.210336
1a0rP01_pdb_clean_fixed,125,GLU,0.311911,0.251527
1a0rP01_pdb_clean_fixed,126,THR,0.193954,0.234354
1a0rP01_pdb_clean_fixed,127,ILE,0.192258,0.221072
1a0rP01_pdb_clean_fixed,128,GLU,0.185823,0.264559
1a0rP01_pdb_clean_fixed,129,LYS,0.264211,0.289148
1a0rP01_pdb_clean_fixed,130,GLU,0.224970,0.273915
1a0rP01_pdb_clean_fixed,131,GLN,0.297392,0.306722
1a0rP01_pdb_clean_fixed,132,LYS,0.245610,0.297245
1a0rP01_pdb_clean_fixed,133,ILE,0.190353,0.307336
1a0rP01_pdb_clean_fixed,134,THR,0.157193,0.261042
1a0rP01_pdb_clean_fixed,135,THR,0.104731,0.217321
1a0rP01_pdb_clean_fixed,136,ILE,0.102355,0.176862
1a0rP01_pdb_clean_fixed,137,VAL,0.102305,0.135960
1a0rP01_pdb_clean_fixed,138,VAL,0.102708,0.104668
1a0rP01_pdb_clean_fixed,139,HIS,0.102215,0.075829
1a0rP01_pdb_clean_fixed,140,ILE,0.102215,0.074220
1a0rP01_pdb_clean_fixed,141,TYR,0.110791,0.105998
1a0rP01_pdb_clean_fixed,142,GLU,0.150409,0.155646
1a0rP01_pdb_clean_fixed,143,ASP,0.222636,0.205232
1a0rP01_pdb_clean_fixed,144,GLY,0.211428,0.251035
1a0rP01_pdb_clean_fixed,145,ILE,0.182634,0.203158
1a0rP01_pdb_clean_fixed,146,LYS,0.192376,0.225068
1a0rP01_pdb_clean_fixed,147,GLY,0.183703,0.177389
1a0rP01_pdb_clean_fixed,148,CYS,0.164446,0.144514
1a0rP01_pdb_clean_fixed,149,ASP,0.204630,0.170337
1a0rP01_pdb_clean_fixed,150,ALA,0.209425,0.170729
1a0rP01_pdb_clean_fixed,151,LEU,0.119671,0.132860
1a0rP01_pdb_clean_fixed,152,ASN,0.127186,0.139965
1a0rP01_pdb_clean_fixed,153,SER,0.210915,0.176311
1a0rP01_pdb_clean_fixed,154,SER,0.150609,0.171188
1a0rP01_pdb_clean_fixed,155,LEU,0.118609,0.163080
1a0rP01_pdb_clean_fixed,156,ILE,0.170932,0.199618
1a0rP01_pdb_clean_fixed,157,CYS,0.195522,0.220346
1a0rP01_pdb_clean_fixed,158,LEU,0.150609,0.206518
1a0rP01_pdb_clean_fixed,159,ALA,0.139531,0.224197
1a0rP01_pdb_clean_fixed,160,ALA,0.177504,0.272416
1a0rP01_pdb_clean_fixed,161,GLU,0.202325,0.270267
1a0rP01_pdb_clean_fixed,162,TYR,0.222990,0.254755
1a0rP01_pdb_clean_fixed,163,PRO,0.184016,0.289083
1a0rP01_pdb_clean_fixed,164,MET,0.168452,0.283950
1a0rP01_pdb_clean_fixed,165,VAL,0.118325,0.223620
1a0rP01_pdb_clean_fixed,166,LYS,0.110785,0.198958
1a0rP01_pdb_clean_fixed,167,PHE,0.103652,0.157621
1a0rP01_pdb_clean_fixed,168,CYS,0.102184,0.137661
1a0rP01_pdb_clean_fixed,169,LYS,0.102197,0.114258
1a0rP01_pdb_clean_fixed,170,ILE,0.109306,0.111700
1a0rP01_pdb_clean_fixed,171,LYS,0.140926,0.124720
1a0rP01_pdb_clean_fixed,172,ALA,0.165999,0.132877
1a0rP01_pdb_clean_fixed,173,SER,0.207940,0.178676
1a0rP01_pdb_clean_fixed,174,ASN,0.196144,0.200781
1a0rP01_pdb_clean_fixed,175,THR,0.162515,0.204821
1a0rP01_pdb_clean_fixed,176,GLY,0.198648,0.278089
1a0rP01_pdb_clean_fixed,177,ALA,0.331675,0.324872
1a0rP01_pdb_clean_fixed,178,GLY,0.294412,0.381758
1a0rP01_pdb_clean_fixed,179,ASP,0.518331,0.404068
1a0rP01_pdb_clean_fixed,180,ARG,0.262367,0.397340
1a0rP01_pdb_clean_fixed,181,PHE,0.199130,0.321896
1a0rP01_pdb_clean_fixed,182,SER,0.198673,0.316249
1a0rP01_pdb_clean_fixed,183,SER,0.213660,0.292040
1a0rP01_pdb_clean_fixed,184,ASP,0.236654,0.268169
1a0rP01_pdb_clean_fixed,185,VAL,0.177407,0.186379
1a0rP01_pdb_clean_fixed,186,LEU,0.114947,0.138344
1a0rP01_pdb_clean_fixed,187,PRO,0.102869,0.109275
1a0rP01_pdb_clean_fixed,188,THR,0.102808,0.090291
1a0rP01_pdb_clean_fixed,189,LEU,0.104107,0.084844
1a0rP01_pdb_clean_fixed,190,LEU,0.102272,0.105970
1a0rP01_pdb_clean_fixed,191,VAL,0.102521,0.142067
1a0rP01_pdb_clean_fixed,192,TYR,0.102660,0.173829
1a0rP01_pdb_clean_fixed,193,LYS,0.120271,0.228681
1a0rP01_pdb_clean_fixed,194,GLY,0.187614,0.277985
1a0rP01_pdb_clean_fixed,195,GLY,0.206184,0.251441
1a0rP01_pdb_clean_fixed,196,GLU,0.177318,0.226210
1a0rP01_pdb_clean_fixed,197,LEU,0.154369,0.184255
1a0rP01_pdb_clean_fixed,198,LEU,0.210164,0.197453
1a0rP01_pdb_clean_fixed,199,SER,0.151151,0.167588
1a0rP01_pdb_clean_fixed,200,ASN,0.149981,0.137866
1a0rP01_pdb_clean_fixed,201,PHE,0.165207,0.126922
1a0rP01_pdb_clean_fixed,202,ILE,0.153277,0.141792
1a0rP01_pdb_clean_fixed,203,SER,0.156676,0.155490
1a0rP01_pdb_clean_fixed,204,VAL,0.192524,0.141923
1a0rP01_pdb_clean_fixed,205,THR,0.205867,0.170677
1a0rP01_pdb_clean_fixed,206,GLU,0.232431,0.218414
1a0rP01_pdb_clean_fixed,207,GLN,0.299515,0.250234
1a0rP01_pdb_clean_fixed,208,LEU,0.249884,0.235399
1a0rP01_pdb_clean_fixed,209,ALA,0.220095,0.300794
1a0rP01_pdb_clean_fixed,210,GLU,0.286162,0.327600
1a0rP01_pdb_clean_fixed,211,GLU,0.313812,0.300738
1a0rP01_pdb_clean_fixed,212,PHE,0.217667,0.273839
1a0rP01_pdb_clean_fixed,213,PHE,0.275163,0.309362
1a0rP01_pdb_clean_fixed,214,THR,0.174109,0.309463
1a0rP01_pdb_clean_fixed,215,GLY,0.193501,0.290719
1a0rP01_pdb_clean_fixed,216,ASP,0.169916,0.267858
1a0rP01_pdb_clean_fixed,217,VAL,0.146907,0.214232
1a0rP01_pdb_clean_fixed,218,GLU,0.187353,0.201102
1a0rP01_pdb_clean_fixed,219,SER,0.272361,0.248523
1a0rP01_pdb_clean_fixed,220,PHE,0.174104,0.258738
1a0rP01_pdb_clean_fixed,221,LEU,0.317181,0.238624
1a0rP01_pdb_clean_fixed,222,ASN,0.396694,0.295391
1a0rP01_pdb_clean_fixed,223,GLU,0.352021,0.395837
1a0rP01_pdb_clean_fixed,224,TYR,0.336659,0.463304
1a0rP01_pdb_clean_fixed,225,GLY,0.651251,0.629594
1a0rP01_pdb_clean_fixed,97,CYS,0.740634,1.329558
1a0rP01_pdb_clean_fixed,98,MET,0.698931,1.205484
1a0rP01_pdb_clean_fixed,99,GLN,0.594538,1.154827
1a0sP00_pdb_clean_fixed,100,PRO,0.113368,0.103905
1a0sP00_pdb_clean_fixed,101,ALA,0.139557,0.088660
1a0sP00_pdb_clean_fixed,102,GLY,0.223321,0.101146
1a0sP00_pdb_clean_fixed,103,GLU,0.206823,0.122000
1a0sP00_pdb_clean_fixed,104,THR,0.174497,0.111450
1a0sP00_pdb_clean_fixed,105,GLY,0.204042,0.104927
1a0sP00_pdb_clean_fixed,106,GLY,0.123427,0.088738
1a0sP00_pdb_clean_fixed,107,ALA,0.127664,0.102619
1a0sP00_pdb_clean_fixed,108,ILE,0.106813,0.093477
1a0sP00_pdb_clean_fixed,109,GLY,0.114628,0.106332
1a0sP00_pdb_clean_fixed,110,ARG,0.141498,0.106633
1a0sP00_pdb_clean_fixed,111,LEU,0.197815,0.088156
1a0sP00_pdb_clean_fixed,112,GLY,0.170849,0.114377
1a0sP00_pdb_clean_fixed,113,ASN,0.215200,0.111867
1a0sP00_pdb_clean_fixed,114,GLN,0.182965,0.138171
1a0sP00_pdb_clean_fixed,115,ALA,0.156555,0.145109
1a0sP00_pdb_clean_fixed,116,ASP,0.147851,0.141792
1a0sP00_pdb_clean_fixed,117,THR,0.135052,0.119267
1a0sP00_pdb_clean_fixed,118,TYR,0.103057,0.116546
1a0sP00_pdb_clean_fixed,119,VAL,0.102488,0.105924
1a0sP00_pdb_clean_fixed,120,GLU,0.102838,0.103870
1a0sP00_pdb_clean_fixed,121,MET,0.124358,0.108458
1a0sP00_pdb_clean_fixed,122,ASN,0.102474,0.102476
1a0sP00_pdb_clean_fixed,123,LEU,0.129415,0.102451
1a0sP00_pdb_clean_fixed,124,GLU,0.103543,0.102439
1a0sP00_pdb_clean_fixed,125,HIS,0.105285,0.117960
1a0sP00_pdb_clean_fixed,126,LYS,0.104963,0.132612
1a0sP00_pdb_clean_fixed,127,GLN,0.137882,0.164441
1a0sP00_pdb_clean_fixed,128,THR,0.147966,0.193742
1a0sP00_pdb_clean_fixed,129,LEU,0.214788,0.215872
1a0sP00_pdb_clean_fixed,130,ASP,0.226212,0.284667
1a0sP00_pdb_clean_fixed,131,ASN,0.240712,0.274269
1a0sP00_pdb_clean_fixed,132,GLY,0.202871,0.251317
1a0sP00_pdb_clean_fixed,133,ALA,0.124102,0.186099
1a0sP00_pdb_clean_fixed,134,THR,0.102446,0.149868
1a0sP00_pdb_clean_fixed,135,THR,0.111996,0.117308
1a0sP00_pdb_clean_fixed,136,ARG,0.103128,0.104200
1a0sP00_pdb_clean_fixed,137,PHE,0.103476,0.100076
1a0sP00_pdb_clean_fixed,138,LYS,0.102530,0.091657
1a0sP00_pdb_clean_fixed,139,VAL,0.110491,0.090453
1a0sP00_pdb_clean_fixed,140,MET,0.102249,0.089324
1a0sP00_pdb_clean_fixed,141,VAL,0.102572,0.101302
1a0sP00_pdb_clean_fixed,142,ALA,0.116918,0.111470
1a0sP00_pdb_clean_fixed,143,ASP,0.118615,0.159863
1a0sP00_pdb_clean_fixed,144,GLY,0.110691,0.274568
1a0sP00_pdb_clean_fixed,145,GLN,0.124355,0.333753
1a0sP00_pdb_clean_fixed,146,THR,0.204063,0.459705
1a0sP00_pdb_clean_fixed,147,SER,0.388740,0.595631
1a0sP00_pdb_clean_fixed,148,TYR,0.270679,0.757028
1a0sP00_pdb_clean_fixed,149,ASN,0.277995,0.841491
1a0sP00_pdb_clean_fixed,150,ASP,0.382315,0.844917
1a0sP00_pdb_clean_fixed,151,TRP,0.419916,0.838739
1a0sP00_pdb_clean_fixed,152,THR,0.319225,0.828725
1a0sP00_pdb_clean_fixed,153,ALA,0.608120,0.753252
1a0sP00_pdb_clean_fixed,154,SER,0.261216,0.663572
1a0sP00_pdb_clean_fixed,155,THR,0.328010,0.586644
1a0sP00_pdb_clean_fixed,156,SER,0.219904,0.450259
1a0sP00_pdb_clean_fixed,157,ASP,0.247643,0.345206
1a0sP00_pdb_clean_fixed,158,LEU,0.183752,0.239327
1a0sP00_pdb_clean_fixed,159,ASN,0.231670,0.151535
1a0sP00_pdb_clean_fixed,160,VAL,0.177045,0.113973
1a0sP00_pdb_clean_fixed,161,ARG,0.157937,0.115338
1a0sP00_pdb_clean_fixed,162,GLN,0.159944,0.100848
1a0sP00_pdb_clean_fixed,163,ALA,0.133273,0.088898
1a0sP00_pdb_clean_fixed,164,PHE,0.107882,0.086973
1a0sP00_pdb_clean_fixed,165,VAL,0.106960,0.089083
1a0sP00_pdb_clean_fixed,166,GLU,0.102207,0.087772
1a0sP00_pdb_clean_fixed,167,LEU,0.103104,0.096787
1a0sP00_pdb_clean_fixed,168,GLY,0.113587,0.150800
1a0sP00_pdb_clean_fixed,169,ASN,0.175195,0.192955
1a0sP00_pdb_clean_fixed,170,LEU,0.191577,0.197189
1a0sP00_pdb_clean_fixed,171,PRO,0.229162,0.258534
1a0sP00_pdb_clean_fixed,172,THR,0.291948,0.258291
1a0sP00_pdb_clean_fixed,173,PHE,0.194128,0.209769
1a0sP00_pdb_clean_fixed,174,ALA,0.264748,0.242668
1a0sP00_pdb_clean_fixed,175,GLY,0.313189,0.244455
1a0sP00_pdb_clean_fixed,176,PRO,0.230842,0.208649
1a0sP00_pdb_clean_fixed,177,PHE,0.158106,0.162675
1a0sP00_pdb_clean_fixed,178,LYS,0.199560,0.157467
1a0sP00_pdb_clean_fixed,179,GLY,0.139882,0.150510
1a0sP00_pdb_clean_fixed,180,SER,0.129946,0.094621
1a0sP00_pdb_clean_fixed,181,THR,0.104849,0.085920
1a0sP00_pdb_clean_fixed,182,LEU,0.112594,0.080117
1a0sP00_pdb_clean_fixed,183,TRP,0.102701,0.078629
1a0sP00_pdb_clean_fixed,184,ALA,0.135212,0.081863
1a0sP00_pdb_clean_fixed,185,GLY,0.187997,0.087512
1a0sP00_pdb_clean_fixed,186,LYS,0.122673,0.088506
1a0sP00_pdb_clean_fixed,187,ARG,0.171203,0.083711
1a0sP00_pdb_clean_fixed,188,PHE,0.205137,0.084880
1a0sP00_pdb_clean_fixed,189,ASP,0.242996,0.081509
1a0sP00_pdb_clean_fixed,190,ARG,0.325828,0.092002
1a0sP00_pdb_clean_fixed,191,ASP,0.269902,0.101647
1a0sP00_pdb_clean_fixed,192,ASN,0.279420,0.114668
1a0sP00_pdb_clean_fixed,193,PHE,0.156100,0.145046
1a0sP00_pdb_clean_fixed,194,ASP,0.250718,0.153820
1a0sP00_pdb_clean_fixed,195,ILE,0.116712,0.125318
1a0sP00_pdb_clean_fixed,196,HIS,0.192882,0.142479
1a0sP00_pdb_clean_fixed,197,TRP,0.156022,0.160741
1a0sP00_pdb_clean_fixed,198,ILE,0.120471,0.165055
1a0sP00_pdb_clean_fixed,199,ASP,0.172000,0.174664
1a0sP00_pdb_clean_fixed,200,SER,0.138152,0.145710
1a0sP00_pdb_clean_fixed,201,ASP,0.157863,0.130508
1a0sP00_pdb_clean_fixed,202,VAL,0.107232,0.109241
1a0sP00_pdb_clean_fixed,203,VAL,0.116167,0.096579
1a0sP00_pdb_clean_fixed,204,PHE,0.134895,0.088258
1a0sP00_pdb_clean_fixed,205,LEU,0.115823,0.082075
1a0sP00_pdb_clean_fixed,206,ALA,0.145311,0.086367
1a0sP00_pdb_clean_fixed,207,GLY,0.225828,0.091799
1a0sP00_pdb_clean_fixed,208,THR,0.176455,0.087205
1a0sP00_pdb_clean_fixed,209,GLY,0.166625,0.095534
1a0sP00_pdb_clean_fixed,210,GLY,0.164793,0.083661
1a0sP00_pdb_clean_fixed,211,GLY,0.182758,0.079228
1a0sP00_pdb_clean_fixed,212,ILE,0.106834,0.074095
1a0sP00_pdb_clean_fixed,213,TYR,0.110465,0.076606
1a0sP00_pdb_clean_fixed,214,ASP,0.149715,0.089719
1a0sP00_pdb_clean_fixed,215,VAL,0.123216,0.087623
1a0sP00_pdb_clean_fixed,216,LYS,0.129582,0.127993
1a0sP00_pdb_clean_fixed,217,TRP,0.141324,0.202152
1a0sP00_pdb_clean_fixed,218,ASN,0.253311,0.275973
1a0sP00_pdb_clean_fixed,219,ASP,0.295493,0.309068
1a0sP00_pdb_clean_fixed,220,GLY,0.212784,0.248104
1a0sP00_pdb_clean_fixed,221,LEU,0.131077,0.129998
1a0sP00_pdb_clean_fixed,222,ARG,0.103160,0.097240
1a0sP00_pdb_clean_fixed,223,SER,0.102244,0.081879
1a0sP00_pdb_clean_fixed,224,ASN,0.110413,0.075000
1a0sP00_pdb_clean_fixed,225,PHE,0.105834,0.073537
1a0sP00_pdb_clean_fixed,226,SER,0.106179,0.074549
1a0sP00_pdb_clean_fixed,227,LEU,0.105807,0.078485
1a0sP00_pdb_clean_fixed,228,TYR,0.103244,0.083469
1a0sP00_pdb_clean_fixed,229,GLY,0.108828,0.096615
1a0sP00_pdb_clean_fixed,230,ARG,0.109207,0.111734
1a0sP00_pdb_clean_fixed,231,ASN,0.150493,0.134918
1a0sP00_pdb_clean_fixed,232,PHE,0.132235,0.170092
1a0sP00_pdb_clean_fixed,233,GLY,0.179022,0.283833
1a0sP00_pdb_clean_fixed,234,ASP,0.208503,0.369408
1a0sP00_pdb_clean_fixed,235,ILE,0.219856,0.390805
1a0sP00_pdb_clean_fixed,236,ASP,0.267131,0.439886
1a0sP00_pdb_clean_fixed,237,ASP,0.241288,0.464911
1a0sP00_pdb_clean_fixed,238,SER,0.242443,0.455127
1a0sP00_pdb_clean_fixed,239,SER,0.189540,0.454856
1a0sP00_pdb_clean_fixed,240,ASN,0.191535,0.348270
1a0sP00_pdb_clean_fixed,241,SER,0.158204,0.230833
1a0sP00_pdb_clean_fixed,242,VAL,0.111464,0.163278
1a0sP00_pdb_clean_fixed,243,GLN,0.109715,0.128784
1a0sP00_pdb_clean_fixed,244,ASN,0.102228,0.099690
1a0sP00_pdb_clean_fixed,245,TYR,0.102537,0.090007
1a0sP00_pdb_clean_fixed,246,ILE,0.102194,0.077186
1a0sP00_pdb_clean_fixed,247,LEU,0.104771,0.073936
1a0sP00_pdb_clean_fixed,248,THR,0.104904,0.070369
1a0sP00_pdb_clean_fixed,249,MET,0.104081,0.070639
1a0sP00_pdb_clean_fixed,250,ASN,0.102282,0.068548
1a0sP00_pdb_clean_fixed,251,HIS,0.105903,0.073092
1a0sP00_pdb_clean_fixed,252,PHE,0.109012,0.085427
1a0sP00_pdb_clean_fixed,253,ALA,0.176143,0.113480
1a0sP00_pdb_clean_fixed,254,GLY,0.190315,0.146136
1a0sP00_pdb_clean_fixed,255,PRO,0.205323,0.131169
1a0sP00_pdb_clean_fixed,256,LEU,0.145270,0.089739
1a0sP00_pdb_clean_fixed,257,GLN,0.102587,0.072401
1a0sP00_pdb_clean_fixed,258,MET,0.105399,0.074033
1a0sP00_pdb_clean_fixed,259,MET,0.102543,0.071737
1a0sP00_pdb_clean_fixed,260,VAL,0.104422,0.072725
1a0sP00_pdb_clean_fixed,261,SER,0.102331,0.075458
1a0sP00_pdb_clean_fixed,262,GLY,0.103170,0.077201
1a0sP00_pdb_clean_fixed,263,LEU,0.103206,0.080538
1a0sP00_pdb_clean_fixed,264,ARG,0.111548,0.093214
1a0sP00_pdb_clean_fixed,265,ALA,0.123532,0.104827
1a0sP00_pdb_clean_fixed,266,LYS,0.168369,0.147825
1a0sP00_pdb_clean_fixed,267,ASP,0.181505,0.193749
1a0sP00_pdb_clean_fixed,268,ASN,0.200000,0.236164
1a0sP00_pdb_clean_fixed,269,ASP,0.197836,0.263992
1a0sP00_pdb_clean_fixed,270,GLU,0.187361,0.310983
1a0sP00_pdb_clean_fixed,271,ARG,0.114594,0.346662
1a0sP00_pdb_clean_fixed,272,LYS,0.121626,0.442009
1a0sP00_pdb_clean_fixed,273,ASP,0.154229,0.539657
1a0sP00_pdb_clean_fixed,274,SER,0.318457,0.690318
1a0sP00_pdb_clean_fixed,275,ASN,0.381768,0.723826
1a0sP00_pdb_clean_fixed,276,GLY,0.337116,0.663133
1a0sP00_pdb_clean_fixed,277,ASN,0.254412,0.594227
1a0sP00_pdb_clean_fixed,278,LEU,0.200946,0.473624
1a0sP00_pdb_clean_fixed,279,ALA,0.153426,0.420904
1a0sP00_pdb_clean_fixed,280,LYS,0.285445,0.357303
1a0sP00_pdb_clean_fixed,281,GLY,0.238748,0.243913
1a0sP00_pdb_clean_fixed,282,ASP,0.192174,0.150227
1a0sP00_pdb_clean_fixed,283,ALA,0.130377,0.114638
1a0sP00_pdb_clean_fixed,284,ALA,0.143350,0.098491
1a0sP00_pdb_clean_fixed,285,ASN,0.155311,0.100412
1a0sP00_pdb_clean_fixed,286,THR,0.125543,0.090060
1a0sP00_pdb_clean_fixed,287,GLY,0.149511,0.081030
1a0sP00_pdb_clean_fixed,288,VAL,0.108654,0.075582
1a0sP00_pdb_clean_fixed,289,HIS,0.102261,0.070919
1a0sP00_pdb_clean_fixed,290,ALA,0.102438,0.069217
1a0sP00_pdb_clean_fixed,291,LEU,0.102211,0.067941
1a0sP00_pdb_clean_fixed,292,LEU,0.103322,0.070142
1a0sP00_pdb_clean_fixed,293,GLY,0.107439,0.078854
1a0sP00_pdb_clean_fixed,294,LEU,0.114216,0.089393
1a0sP00_pdb_clean_fixed,295,HIS,0.138526,0.117697
1a0sP00_pdb_clean_fixed,296,ASN,0.141137,0.171567
1a0sP00_pdb_clean_fixed,297,ASP,0.196146,0.259597
1a0sP00_pdb_clean_fixed,298,SER,0.172490,0.250886
1a0sP00_pdb_clean_fixed,299,PHE,0.142870,0.304282
1a0sP00_pdb_clean_fixed,300,TYR,0.146383,0.392380
1a0sP00_pdb_clean_fixed,301,GLY,0.256359,0.426469
1a0sP00_pdb_clean_fixed,302,LEU,0.278115,0.434395
1a0sP00_pdb_clean_fixed,303,ARG,0.194960,0.371082
1a0sP00_pdb_clean_fixed,304,ASP,0.201841,0.288874
1a0sP00_pdb_clean_fixed,305,GLY,0.210648,0.191498
1a0sP00_pdb_clean_fixed,306,SER,0.128390,0.141570
1a0sP00_pdb_clean_fixed,307,SER,0.105423,0.101878
1a0sP00_pdb_clean_fixed,308,LYS,0.102765,0.085011
1a0sP00_pdb_clean_fixed,309,THR,0.102538,0.077591
1a0sP00_pdb_clean_fixed,310,ALA,0.102271,0.072738
1a0sP00_pdb_clean_fixed,311,LEU,0.102765,0.066435
1a0sP00_pdb_clean_fixed,312,LEU,0.102212,0.066745
1a0sP00_pdb_clean_fixed,313,TYR,0.102973,0.067818
1a0sP00_pdb_clean_fixed,314,GLY,0.102375,0.069823
1a0sP00_pdb_clean_fixed,315,HIS,0.106733,0.071403
1a0sP00_pdb_clean_fixed,316,GLY,0.142833,0.079232
1a0sP00_pdb_clean_fixed,317,LEU,0.131757,0.079162
1a0sP00_pdb_clean_fixed,318,GLY,0.113166,0.073672
1a0sP00_pdb_clean_fixed,319,ALA,0.140113,0.071551
1a0sP00_pdb_clean_fixed,320,GLU,0.147359,0.075735
1a0sP00_pdb_clean_fixed,321,VAL,0.141818,0.078309
1a0sP00_pdb_clean_fixed,322,LYS,0.146773,0.093309
1a0sP00_pdb_clean_fixed,323,GLY,0.165249,0.098673
1a0sP00_pdb_clean_fixed,324,ILE,0.139203,0.086301
1a0sP00_pdb_clean_fixed,325,GLY,0.151698,0.107124
1a0sP00_pdb_clean_fixed,326,SER,0.219815,0.102556
1a0sP00_pdb_clean_fixed,327,ASP,0.198307,0.110127
1a0sP00_pdb_clean_fixed,328,GLY,0.176366,0.126496
1a0sP00_pdb_clean_fixed,329,ALA,0.194692,0.115608
1a0sP00_pdb_clean_fixed,330,LEU,0.122735,0.096577
1a0sP00_pdb_clean_fixed,331,ARG,0.134357,0.101654
1a0sP00_pdb_clean_fixed,332,PRO,0.187262,0.101310
1a0sP00_pdb_clean_fixed,333,GLY,0.157348,0.100654
1a0sP00_pdb_clean_fixed,334,ALA,0.141509,0.080056
1a0sP00_pdb_clean_fixed,335,ASP,0.104190,0.074231
1a0sP00_pdb_clean_fixed,336,THR,0.102635,0.067143
1a0sP00_pdb_clean_fixed,337,TRP,0.104374,0.064721
1a0sP00_pdb_clean_fixed,338,ARG,0.102586,0.064532
1a0sP00_pdb_clean_fixed,339,ILE,0.102569,0.070686
1a0sP00_pdb_clean_fixed,340,ALA,0.102435,0.078313
1a0sP00_pdb_clean_fixed,341,SER,0.110384,0.079710
1a0sP00_pdb_clean_fixed,342,TYR,0.122918,0.078623
1a0sP00_pdb_clean_fixed,343,GLY,0.104247,0.093086
1a0sP00_pdb_clean_fixed,344,THR,0.111559,0.094261
1a0sP00_pdb_clean_fixed,345,THR,0.103271,0.112534
1a0sP00_pdb_clean_fixed,346,PRO,0.163174,0.130007
1a0sP00_pdb_clean_fixed,347,LEU,0.175692,0.148657
1a0sP00_pdb_clean_fixed,348,SER,0.283830,0.170841
1a0sP00_pdb_clean_fixed,349,GLU,0.274933,0.196195
1a0sP00_pdb_clean_fixed,350,ASN,0.233635,0.177449
1a0sP00_pdb_clean_fixed,351,TRP,0.118327,0.128240
1a0sP00_pdb_clean_fixed,352,SER,0.105440,0.101685
1a0sP00_pdb_clean_fixed,353,VAL,0.102417,0.086159
1a0sP00_pdb_clean_fixed,354,ALA,0.107937,0.078296
1a0sP00_pdb_clean_fixed,355,PRO,0.102778,0.078767
1a0sP00_pdb_clean_fixed,356,ALA,0.102247,0.077522
1a0sP00_pdb_clean_fixed,357,MET,0.102358,0.074430
1a0sP00_pdb_clean_fixed,358,LEU,0.103420,0.073287
1a0sP00_pdb_clean_fixed,359,ALA,0.102384,0.072229
1a0sP00_pdb_clean_fixed,360,GLN,0.102312,0.068266
1a0sP00_pdb_clean_fixed,361,ARG,0.109190,0.072183
1a0sP00_pdb_clean_fixed,362,SER,0.102496,0.078635
1a0sP00_pdb_clean_fixed,363,LYS,0.110321,0.078420
1a0sP00_pdb_clean_fixed,364,ASP,0.161119,0.086868
1a0sP00_pdb_clean_fixed,365,ARG,0.135650,0.089879
1a0sP00_pdb_clean_fixed,366,TYR,0.142634,0.116992
1a0sP00_pdb_clean_fixed,367,ALA,0.155526,0.124849
1a0sP00_pdb_clean_fixed,368,ASP,0.158975,0.133545
1a0sP00_pdb_clean_fixed,369,GLY,0.164689,0.120841
1a0sP00_pdb_clean_fixed,370,ASP,0.143837,0.092803
1a0sP00_pdb_clean_fixed,371,SER,0.104238,0.083748
1a0sP00_pdb_clean_fixed,372,TYR,0.102230,0.083100
1a0sP00_pdb_clean_fixed,373,GLN,0.104179,0.073485
1a0sP00_pdb_clean_fixed,374,TRP,0.102400,0.069253
1a0sP00_pdb_clean_fixed,375,ALA,0.106133,0.067279
1a0sP00_pdb_clean_fixed,376,THR,0.102364,0.065055
1a0sP00_pdb_clean_fixed,377,PHE,0.102678,0.067794
1a0sP00_pdb_clean_fixed,378,ASN,0.102204,0.073033
1a0sP00_pdb_clean_fixed,379,LEU,0.102532,0.075567
1a0sP00_pdb_clean_fixed,380,ARG,0.111819,0.076890
1a0sP00_pdb_clean_fixed,381,LEU,0.111243,0.088633
1a0sP00_pdb_clean_fixed,382,ILE,0.102277,0.094554
1a0sP00_pdb_clean_fixed,383,GLN,0.102686,0.103434
1a0sP00_pdb_clean_fixed,384,ALA,0.126812,0.121943
1a0sP00_pdb_clean_fixed,385,ILE,0.167663,0.140357
1a0sP00_pdb_clean_fixed,386,ASN,0.258875,0.173434
1a0sP00_pdb_clean_fixed,387,GLN,0.217004,0.194165
1a0sP00_pdb_clean_fixed,388,ASN,0.179151,0.142832
1a0sP00_pdb_clean_fixed,389,PHE,0.137000,0.118022
1a0sP00_pdb_clean_fixed,390,ALA,0.102395,0.103694
1a0sP00_pdb_clean_fixed,391,LEU,0.107342,0.090259
1a0sP00_pdb_clean_fixed,392,ALA,0.102283,0.081605
1a0sP00_pdb_clean_fixed,393,TYR,0.102462,0.076515
1a0sP00_pdb_clean_fixed,394,GLU,0.102185,0.072669
1a0sP00_pdb_clean_fixed,395,GLY,0.102481,0.073433
1a0sP00_pdb_clean_fixed,396,SER,0.102309,0.070864
1a0sP00_pdb_clean_fixed,397,TYR,0.102692,0.067177
1a0sP00_pdb_clean_fixed,398,GLN,0.102208,0.064051
1a0sP00_pdb_clean_fixed,399,TYR,0.103862,0.069734
1a0sP00_pdb_clean_fixed,400,MET,0.102476,0.071784
1a0sP00_pdb_clean_fixed,401,ASP,0.103068,0.079992
1a0sP00_pdb_clean_fixed,402,LEU,0.118389,0.086591
1a0sP00_pdb_clean_fixed,403,LYS,0.161308,0.104241
1a0sP00_pdb_clean_fixed,404,PRO,0.176555,0.138497
1a0sP00_pdb_clean_fixed,405,GLU,0.143375,0.187161
1a0sP00_pdb_clean_fixed,406,GLY,0.256767,0.320320
1a0sP00_pdb_clean_fixed,407,TYR,0.193509,0.311054
1a0sP00_pdb_clean_fixed,408,ASN,0.199655,0.366955
1a0sP00_pdb_clean_fixed,409,ASP,0.181250,0.265959
1a0sP00_pdb_clean_fixed,410,ARG,0.145216,0.193129
1a0sP00_pdb_clean_fixed,411,GLN,0.155629,0.158440
1a0sP00_pdb_clean_fixed,412,ALA,0.144346,0.121272
1a0sP00_pdb_clean_fixed,413,VAL,0.128589,0.109352
1a0sP00_pdb_clean_fixed,414,ASN,0.147966,0.097028
1a0sP00_pdb_clean_fixed,415,GLY,0.180240,0.097364
1a0sP00_pdb_clean_fixed,416,SER,0.137816,0.085674
1a0sP00_pdb_clean_fixed,417,PHE,0.102205,0.077853
1a0sP00_pdb_clean_fixed,418,TYR,0.103335,0.074418
1a0sP00_pdb_clean_fixed,419,LYS,0.102309,0.076013
1a0sP00_pdb_clean_fixed,420,LEU,0.103186,0.072299
1a0sP00_pdb_clean_fixed,421,THR,0.102259,0.071561
1a0sP00_pdb_clean_fixed,422,PHE,0.106491,0.074058
1a0sP00_pdb_clean_fixed,423,ALA,0.102416,0.080837
1a0sP00_pdb_clean_fixed,424,PRO,0.119813,0.091237
1a0sP00_pdb_clean_fixed,425,THR,0.102492,0.091875
1a0sP00_pdb_clean_fixed,426,PHE,0.110722,0.099910
1a0sP00_pdb_clean_fixed,427,LYS,0.105652,0.123537
1a0sP00_pdb_clean_fixed,428,VAL,0.191466,0.197139
1a0sP00_pdb_clean_fixed,429,GLY,0.207435,0.261641
1a0sP00_pdb_clean_fixed,430,SER,0.212451,0.341445
1a0sP00_pdb_clean_fixed,431,ILE,0.165221,0.431794
1a0sP00_pdb_clean_fixed,432,GLY,0.226985,0.536069
1a0sP00_pdb_clean_fixed,433,ASP,0.255021,0.435726
1a0sP00_pdb_clean_fixed,434,PHE,0.195219,0.401572
1a0sP00_pdb_clean_fixed,435,PHE,0.288061,0.288233
1a0sP00_pdb_clean_fixed,436,SER,0.225322,0.206433
1a0sP00_pdb_clean_fixed,437,ARG,0.183542,0.144012
1a0sP00_pdb_clean_fixed,438,PRO,0.171780,0.124657
1a0sP00_pdb_clean_fixed,439,GLU,0.104802,0.099128
1a0sP00_pdb_clean_fixed,440,ILE,0.109909,0.092396
1a0sP00_pdb_clean_fixed,441,ARG,0.111166,0.091848
1a0sP00_pdb_clean_fixed,442,PHE,0.116168,0.092442
1a0sP00_pdb_clean_fixed,443,TYR,0.108788,0.089918
1a0sP00_pdb_clean_fixed,444,THR,0.113784,0.088847
1a0sP00_pdb_clean_fixed,445,SER,0.102266,0.086198
1a0sP00_pdb_clean_fixed,446,TRP,0.103544,0.089280
1a0sP00_pdb_clean_fixed,447,MET,0.102757,0.088779
1a0sP00_pdb_clean_fixed,448,ASP,0.150312,0.092080
1a0sP00_pdb_clean_fixed,449,TRP,0.156222,0.096633
1a0sP00_pdb_clean_fixed,450,SER,0.233673,0.115023
1a0sP00_pdb_clean_fixed,451,LYS,0.169064,0.158431
1a0sP00_pdb_clean_fixed,452,LYS,0.217053,0.168207
1a0sP00_pdb_clean_fixed,453,LEU,0.168118,0.171739
1a0sP00_pdb_clean_fixed,454,ASN,0.148695,0.230091
1a0sP00_pdb_clean_fixed,455,ASN,0.188356,0.260116
1a0sP00_pdb_clean_fixed,456,TYR,0.143484,0.278650
1a0sP00_pdb_clean_fixed,457,ALA,0.181719,0.342628
1a0sP00_pdb_clean_fixed,458,SER,0.283839,0.396963
1a0sP00_pdb_clean_fixed,459,ASP,0.239611,0.465269
1a0sP00_pdb_clean_fixed,460,ASP,0.298498,0.471031
1a0sP00_pdb_clean_fixed,461,ALA,0.230161,0.459354
1a0sP00_pdb_clean_fixed,462,LEU,0.168725,0.411420
1a0sP00_pdb_clean_fixed,463,GLY,0.223059,0.430815
1a0sP00_pdb_clean_fixed,464,SER,0.169524,0.424611
1a0sP00_pdb_clean_fixed,465,ASP,0.260848,0.449458
1a0sP00_pdb_clean_fixed,466,GLY,0.204714,0.496297
1a0sP00_pdb_clean_fixed,467,PHE,0.328410,0.422664
1a0sP00_pdb_clean_fixed,468,ASN,0.517127,0.347713
1a0sP00_pdb_clean_fixed,469,SER,0.314293,0.375582
1a0sP00_pdb_clean_fixed,470,GLY,0.380885,0.318899
1a0sP00_pdb_clean_fixed,471,GLY,0.168524,0.217527
1a0sP00_pdb_clean_fixed,472,GLU,0.115695,0.167718
1a0sP00_pdb_clean_fixed,473,TRP,0.114970,0.135472
1a0sP00_pdb_clean_fixed,474,SER,0.102857,0.120130
1a0sP00_pdb_clean_fixed,475,PHE,0.110774,0.107346
1a0sP00_pdb_clean_fixed,476,GLY,0.141156,0.103847
1a0sP00_pdb_clean_fixed,477,VAL,0.130417,0.097126
1a0sP00_pdb_clean_fixed,478,GLN,0.116817,0.099934
1a0sP00_pdb_clean_fixed,479,MET,0.128184,0.111111
1a0sP00_pdb_clean_fixed,480,GLU,0.103310,0.115702
1a0sP00_pdb_clean_fixed,481,THR,0.148475,0.136401
1a0sP00_pdb_clean_fixed,482,TRP,0.186160,0.162975
1a0sP00_pdb_clean_fixed,483,PHE,0.315890,0.216450
1a0sP00_pdb_clean_fixed,71,SER,0.411860,0.484463
1a0sP00_pdb_clean_fixed,72,GLY,0.337490,0.284195
1a0sP00_pdb_clean_fixed,73,PHE,0.179986,0.186374
1a0sP00_pdb_clean_fixed,74,GLU,0.154259,0.149666
1a0sP00_pdb_clean_fixed,75,PHE,0.159812,0.139569
1a0sP00_pdb_clean_fixed,76,HSP,0.160961,0.134144
1a0sP00_pdb_clean_fixed,77,GLY,0.130059,0.149060
1a0sP00_pdb_clean_fixed,78,TYR,0.104102,0.123050
1a0sP00_pdb_clean_fixed,79,ALA,0.103381,0.114707
1a0sP00_pdb_clean_fixed,80,ARG,0.104427,0.104427
1a0sP00_pdb_clean_fixed,81,SER,0.137697,0.119766
1a0sP00_pdb_clean_fixed,82,GLY,0.183652,0.132083
1a0sP00_pdb_clean_fixed,83,VAL,0.159821,0.133081
1a0sP00_pdb_clean_fixed,84,ILE,0.111214,0.150342
1a0sP00_pdb_clean_fixed,85,MET,0.103286,0.201874
1a0sP00_pdb_clean_fixed,86,ASN,0.110644,0.252389
1a0sP00_pdb_clean_fixed,87,ASP,0.242336,0.342313
1a0sP00_pdb_clean_fixed,88,SER,0.340806,0.380911
1a0sP00_pdb_clean_fixed,89,GLY,0.279285,0.442496
1a0sP00_pdb_clean_fixed,90,ALA,0.258465,0.404786
1a0sP00_pdb_clean_fixed,91,SER,0.232907,0.368048
1a0sP00_pdb_clean_fixed,92,THR,0.218546,0.293398
1a0sP00_pdb_clean_fixed,93,LYS,0.207464,0.258185
1a0sP00_pdb_clean_fixed,94,SER,0.195010,0.246681
1a0sP00_pdb_clean_fixed,95,GLY,0.196473,0.247609
1a0sP00_pdb_clean_fixed,96,ALA,0.171491,0.222736
1a0sP00_pdb_clean_fixed,97,TYR,0.177556,0.183239
1a0sP00_pdb_clean_fixed,98,ILE,0.194997,0.145406
1a0sP00_pdb_clean_fixed,99,THR,0.164287,0.101346
1a15A00_pdb_clean_fixed,1,LYS,0.734882,1.262568
1a15A00_pdb_clean_fixed,10,PRO,0.183823,0.204215
1a15A00_pdb_clean_fixed,11,CYS,0.192690,0.175949
1a15A00_pdb_clean_fixed,12,ARG,0.277028,0.220691
1a15A00_pdb_clean_fixed,13,PHE,0.375739,0.191804
1a15A00_pdb_clean_fixed,14,PHE,0.195039,0.143290
1a15A00_pdb_clean_fixed,15,GLU,0.190111,0.120983
1a15A00_pdb_clean_fixed,16,SER,0.212640,0.130269
1a15A00_pdb_clean_fixed,17,HIS,0.434732,0.142132
1a15A00_pdb_clean_fixed,18,VAL,0.266451,0.118303
1a15A00_pdb_clean_fixed,19,ALA,0.277540,0.161520
1a15A00_pdb_clean_fixed,2,PRO,0.796648,1.065294
1a15A00_pdb_clean_fixed,20,ARG,0.268867,0.139895
1a15A00_pdb_clean_fixed,21,ALA,0.265796,0.146815
1a15A00_pdb_clean_fixed,22,ASN,0.214507,0.129042
1a15A00_pdb_clean_fixed,23,VAL,0.175412,0.106305
1a15A00_pdb_clean_fixed,24,LYS,0.179809,0.146516
1a15A00_pdb_clean_fixed,25,HIS,0.226721,0.162698
1a15A00_pdb_clean_fixed,26,LEU,0.125627,0.140863
1a15A00_pdb_clean_fixed,27,LYS,0.163406,0.167874
1a15A00_pdb_clean_fixed,28,ILE,0.136353,0.171911
1a15A00_pdb_clean_fixed,29,LEU,0.134620,0.201254
1a15A00_pdb_clean_fixed,3,VAL,0.465976,0.909653
1a15A00_pdb_clean_fixed,30,ASN,0.189403,0.268471
1a15A00_pdb_clean_fixed,31,THR,0.210759,0.265202
1a15A00_pdb_clean_fixed,32,PRO,0.353457,0.317945
1a15A00_pdb_clean_fixed,33,ALA,0.227761,0.291306
1a15A00_pdb_clean_fixed,34,CYS,0.252132,0.239902
1a15A00_pdb_clean_fixed,35,ALA,0.234396,0.242592
1a15A00_pdb_clean_fixed,36,LEU,0.178433,0.194011
1a15A00_pdb_clean_fixed,37,GLN,0.121479,0.157707
1a15A00_pdb_clean_fixed,38,ILE,0.102258,0.132755
1a15A00_pdb_clean_fixed,39,VAL,0.103067,0.124438
1a15A00_pdb_clean_fixed,4,SER,0.689196,0.737028
1a15A00_pdb_clean_fixed,40,ALA,0.102256,0.112108
1a15A00_pdb_clean_fixed,41,ARG,0.102404,0.129343
1a15A00_pdb_clean_fixed,42,LEU,0.108350,0.120562
1a15A00_pdb_clean_fixed,43,LYS,0.213055,0.154788
1a15A00_pdb_clean_fixed,44,ASN,0.282242,0.207839
1a15A00_pdb_clean_fixed,45,ASN,0.308344,0.216563
1a15A00_pdb_clean_fixed,46,ASN,0.210045,0.222298
1a15A00_pdb_clean_fixed,47,ARG,0.191794,0.190098
1a15A00_pdb_clean_fixed,48,GLN,0.141867,0.144807
1a15A00_pdb_clean_fixed,49,VAL,0.120084,0.109913
1a15A00_pdb_clean_fixed,5,LEU,0.435027,0.592432
1a15A00_pdb_clean_fixed,50,CYS,0.109599,0.109927
1a15A00_pdb_clean_fixed,51,ILE,0.131670,0.100052
1a15A00_pdb_clean_fixed,52,ASP,0.180011,0.117674
1a15A00_pdb_clean_fixed,53,PRO,0.214674,0.141604
1a15A00_pdb_clean_fixed,54,LYS,0.268312,0.158802
1a15A00_pdb_clean_fixed,55,LEU,0.250256,0.135503
1a15A00_pdb_clean_fixed,56,LYS,0.234146,0.158250
1a15A00_pdb_clean_fixed,57,TRP,0.211702,0.141210
1a15A00_pdb_clean_fixed,58,ILE,0.192450,0.125600
1a15A00_pdb_clean_fixed,59,GLN,0.201229,0.173462
1a15A00_pdb_clean_fixed,6,SER,0.528882,0.458421
1a15A00_pdb_clean_fixed,60,GLU,0.228689,0.202568
1a15A00_pdb_clean_fixed,61,TYR,0.231271,0.208981
1a15A00_pdb_clean_fixed,62,LEU,0.336653,0.229158
1a15A00_pdb_clean_fixed,63,GLU,0.291285,0.267796
1a15A00_pdb_clean_fixed,64,LYS,0.289153,0.328963
1a15A00_pdb_clean_fixed,65,ALA,0.295310,0.412822
1a15A00_pdb_clean_fixed,66,LEU,0.421819,0.496343
1a15A00_pdb_clean_fixed,67,ASN,0.456460,0.636795
1a15A00_pdb_clean_fixed,7,TYR,0.396880,0.320075
1a15A00_pdb_clean_fixed,8,ARG,0.589265,0.247647
1a15A00_pdb_clean_fixed,9,CYS,0.345399,0.190248
1a1zA00_pdb_clean_fixed,1,MET,0.760435,0.347120
1a1zA00_pdb_clean_fixed,10,SER,0.246934,0.116878
1a1zA00_pdb_clean_fixed,11,VAL,0.191658,0.137342
1a1zA00_pdb_clean_fixed,12,SER,0.203466,0.164803
1a1zA00_pdb_clean_fixed,13,SER,0.211527,0.167640
1a1zA00_pdb_clean_fixed,14,SER,0.202494,0.221664
1a1zA00_pdb_clean_fixed,15,LEU,0.182704,0.208409
1a1zA00_pdb_clean_fixed,16,SER,0.245842,0.170563
1a1zA00_pdb_clean_fixed,17,SER,0.372614,0.194745
1a1zA00_pdb_clean_fixed,18,SER,0.217797,0.171886
1a1zA00_pdb_clean_fixed,19,GLU,0.150959,0.125854
1a1zA00_pdb_clean_fixed,2,ASP,0.458664,0.253922
1a1zA00_pdb_clean_fixed,20,LEU,0.184040,0.127204
1a1zA00_pdb_clean_fixed,21,THR,0.351032,0.134797
1a1zA00_pdb_clean_fixed,22,GLU,0.202213,0.124593
1a1zA00_pdb_clean_fixed,23,LEU,0.188874,0.123021
1a1zA00_pdb_clean_fixed,24,LYS,0.150163,0.129952
1a1zA00_pdb_clean_fixed,25,GLY,0.277035,0.142297
1a1zA00_pdb_clean_fixed,26,LEU,0.250663,0.139720
1a1zA00_pdb_clean_fixed,27,CYS,0.201125,0.143530
1a1zA00_pdb_clean_fixed,28,LEU,0.188107,0.166780
1a1zA00_pdb_clean_fixed,29,GLY,0.254773,0.215583
1a1zA00_pdb_clean_fixed,3,PRO,0.200162,0.201183
1a1zA00_pdb_clean_fixed,30,ARG,0.359187,0.232578
1a1zA00_pdb_clean_fixed,31,VAL,0.313765,0.206375
1a1zA00_pdb_clean_fixed,32,GLY,0.205902,0.201546
1a1zA00_pdb_clean_fixed,33,LYS,0.179934,0.284721
1a1zA00_pdb_clean_fixed,34,ARG,0.249106,0.334043
1a1zA00_pdb_clean_fixed,35,LYS,0.219945,0.254215
1a1zA00_pdb_clean_fixed,36,LEU,0.228735,0.237562
1a1zA00_pdb_clean_fixed,37,GLU,0.261827,0.280581
1a1zA00_pdb_clean_fixed,38,ARG,0.240824,0.253435
1a1zA00_pdb_clean_fixed,39,VAL,0.209532,0.217437
1a1zA00_pdb_clean_fixed,4,PHE,0.156850,0.168890
1a1zA00_pdb_clean_fixed,40,GLN,0.201584,0.247696
1a1zA00_pdb_clean_fixed,41,SER,0.313635,0.219739
1a1zA00_pdb_clean_fixed,42,GLY,0.166629,0.207841
1a1zA00_pdb_clean_fixed,43,LEU,0.166377,0.188237
1a1zA00_pdb_clean_fixed,44,ASP,0.229774,0.151433
1a1zA00_pdb_clean_fixed,45,LEU,0.144445,0.136125
1a1zA00_pdb_clean_fixed,46,PHE,0.137976,0.154243
1a1zA00_pdb_clean_fixed,47,SER,0.312357,0.154792
1a1zA00_pdb_clean_fixed,48,MET,0.173587,0.136414
1a1zA00_pdb_clean_fixed,49,LEU,0.168505,0.155720
1a1zA00_pdb_clean_fixed,5,LEU,0.192882,0.162100
1a1zA00_pdb_clean_fixed,50,LEU,0.180875,0.185230
1a1zA00_pdb_clean_fixed,51,GLU,0.243035,0.199888
1a1zA00_pdb_clean_fixed,52,GLN,0.356113,0.232691
1a1zA00_pdb_clean_fixed,53,ASN,0.282038,0.223351
1a1zA00_pdb_clean_fixed,54,ASP,0.229176,0.267137
1a1zA00_pdb_clean_fixed,55,LEU,0.144300,0.241274
1a1zA00_pdb_clean_fixed,56,GLU,0.137986,0.221142
1a1zA00_pdb_clean_fixed,57,PRO,0.225046,0.285773
1a1zA00_pdb_clean_fixed,58,GLY,0.283543,0.288743
1a1zA00_pdb_clean_fixed,59,HIS,0.473329,0.181412
1a1zA00_pdb_clean_fixed,6,VAL,0.251230,0.139696
1a1zA00_pdb_clean_fixed,60,THR,0.413742,0.148005
1a1zA00_pdb_clean_fixed,61,GLU,0.261963,0.157434
1a1zA00_pdb_clean_fixed,62,LEU,0.229948,0.157605
1a1zA00_pdb_clean_fixed,63,LEU,0.133843,0.116600
1a1zA00_pdb_clean_fixed,64,ARG,0.171046,0.099187
1a1zA00_pdb_clean_fixed,65,GLU,0.284570,0.126025
1a1zA00_pdb_clean_fixed,66,LEU,0.154057,0.135909
1a1zA00_pdb_clean_fixed,67,LEU,0.138945,0.108561
1a1zA00_pdb_clean_fixed,68,ALA,0.188293,0.112455
1a1zA00_pdb_clean_fixed,69,SER,0.209144,0.156326
1a1zA00_pdb_clean_fixed,7,LEU,0.213690,0.121932
1a1zA00_pdb_clean_fixed,70,LEU,0.211533,0.165680
1a1zA00_pdb_clean_fixed,71,ARG,0.225203,0.165452
1a1zA00_pdb_clean_fixed,72,ARG,0.179786,0.150446
1a1zA00_pdb_clean_fixed,73,HIS,0.250251,0.124710
1a1zA00_pdb_clean_fixed,74,ASP,0.271821,0.148713
1a1zA00_pdb_clean_fixed,75,LEU,0.171698,0.131871
1a1zA00_pdb_clean_fixed,76,LEU,0.180963,0.094441
1a1zA00_pdb_clean_fixed,77,ARG,0.284592,0.132642
1a1zA00_pdb_clean_fixed,78,ARG,0.224520,0.148521
1a1zA00_pdb_clean_fixed,79,VAL,0.151138,0.123365
1a1zA00_pdb_clean_fixed,8,LEU,0.162110,0.130764
1a1zA00_pdb_clean_fixed,80,ASP,0.198784,0.175692
1a1zA00_pdb_clean_fixed,81,ASP,0.579810,0.216963
1a1zA00_pdb_clean_fixed,82,PHE,0.289979,0.211899
1a1zA00_pdb_clean_fixed,83,GLU,0.586754,0.239029
1a1zA00_pdb_clean_fixed,9,HIS,0.189066,0.129339
1a2nA02_pdb_clean_fixed,100,LEU,0.114296,0.053160
1a2nA02_pdb_clean_fixed,101,VAL,0.121516,0.051873
1a2nA02_pdb_clean_fixed,102,ALA,0.133856,0.050446
1a2nA02_pdb_clean_fixed,103,ARG,0.204918,0.053934
1a2nA02_pdb_clean_fixed,104,PHE,0.194573,0.059343
1a2nA02_pdb_clean_fixed,105,GLY,0.160453,0.061815
1a2nA02_pdb_clean_fixed,106,GLN,0.116218,0.064117
1a2nA02_pdb_clean_fixed,107,GLY,0.103399,0.072409
1a2nA02_pdb_clean_fixed,108,GLN,0.102847,0.065959
1a2nA02_pdb_clean_fixed,109,VAL,0.109612,0.073900
1a2nA02_pdb_clean_fixed,110,SER,0.138122,0.091201
1a2nA02_pdb_clean_fixed,111,LEU,0.169826,0.125516
1a2nA02_pdb_clean_fixed,112,PRO,0.155858,0.245321
1a2nA02_pdb_clean_fixed,113,GLY,0.193426,0.305742
1a2nA02_pdb_clean_fixed,114,GLY,0.287542,0.387495
1a2nA02_pdb_clean_fixed,115,ALA,0.478950,0.399223
1a2nA02_pdb_clean_fixed,116,THR,0.525135,0.424051
1a2nA02_pdb_clean_fixed,117,ILE,0.419318,0.443992
1a2nA02_pdb_clean_fixed,118,GLY,0.344058,0.447283
1a2nA02_pdb_clean_fixed,119,ALA,0.314663,0.377915
1a2nA02_pdb_clean_fixed,120,ARG,0.396136,0.281150
1a2nA02_pdb_clean_fixed,121,PRO,0.353422,0.219238
1a2nA02_pdb_clean_fixed,122,VAL,0.196579,0.187250
1a2nA02_pdb_clean_fixed,123,ASP,0.261315,0.190388
1a2nA02_pdb_clean_fixed,124,LEU,0.195275,0.143759
1a2nA02_pdb_clean_fixed,125,HIS,0.174517,0.112655
